Date,HomeTeam,AwayTeam,FTHG,FTAG,FTR,is_draw
2025-08-02,Shrewsbury,Bromley,0,0,D,1
2025-08-02,Salford,Crewe,1,3,A,0
2025-08-02,Milton Keynes Dons,Oldham,0,0,D,1
2025-08-02,Grimsby,Crawley Town,3,0,H,0
2025-08-02,Colchester,Tranmere,1,1,D,1
2025-08-02,Chesterfield,Barrow,1,0,H,0
2025-08-02,Cambridge,Cheltenham,1,0,H,0
2025-08-02,Bristol Rvs,Harrogate,0,1,A,0
2025-08-02,Accrington,Gillingham,1,1,D,1
2025-08-02,Barnet,Fleetwood Town,0,2,A,0
2025-08-02,Newport County,Newport County,1,1,D,1
2025-08-02,Walsall,Swindon,2,1,H,0
2025-08-09,Bromley,Barnet,2,0,H,0
2025-08-09,Cheltenham,Chesterfield,0,2,A,0
2025-08-09,Crawley Town,Newport County,1,2,A,0
2025-08-09,Crewe,Accrington,2,0,H,0
2025-08-09,Fleetwood Town,Bristol Rvs,2,1,H,0
2025-08-09,Gillingham,Walsall,1,0,H,0
2025-08-09,Harrogate,Grimsby,3,3,D,1
2025-08-09,Oldham,Colchester,1,1,D,1
2025-08-09,Swindon,Cambridge,3,2,H,0
2025-08-09,Newport County,Salford,1,2,A,0
2025-08-09,Tranmere,Shrewsbury,4,0,H,0
2025-08-09,Barrow,Milton Keynes Dons,0,2,A,0
2025-08-16,Crewe,Crawley Town,1,0,H,0
2025-08-16,Cambridge,Harrogate,1,1,D,1
2025-08-16,Bromley,Fleetwood Town,2,2,D,1
2025-08-16,Barrow,Newport County,2,1,H,0
2025-08-16,Barnet,Walsall,1,2,A,0
2025-08-16,Oldham,Swindon,1,2,A,0
2025-08-16,Chesterfield,Bristol Rvs,3,1,H,0
2025-08-16,Tranmere,Gillingham,1,1,D,1
2025-08-16,Shrewsbury,Colchester,0,2,A,0
2025-08-16,Salford,Accrington,2,1,H,0
2025-08-16,Milton Keynes Dons,Cheltenham,5,0,H,0
2025-08-16,Grimsby,Newport County,2,1,H,0
2025-08-19,Harrogate,Barrow,1,0,H,0
2025-08-19,Newport County,Salford,0,1,A,0
2025-08-19,Bristol Rvs,Oldham,0,0,D,1
2025-08-19,Cheltenham,Bromley,1,2,A,0
2025-08-19,Colchester,Cambridge,1,2,A,0
2025-08-19,Crawley Town,Milton Keynes Dons,1,1,D,1
2025-08-19,Fleetwood Town,Crewe,1,4,A,0
2025-08-19,Gillingham,Chesterfield,4,1,H,0
2025-08-19,Swindon,Barnet,0,2,A,0
2025-08-19,Walsall,Grimsby,0,1,A,0
2025-08-20,Newport County,Shrewsbury,4,1,H,0
2025-08-23,Swindon,Shrewsbury,2,1,H,0
2025-08-23,Newport County,Bromley,2,2,D,1
2025-08-23,Newport County,Milton Keynes Dons,1,2,A,0
2025-08-23,Walsall,Salford,1,0,H,0
2025-08-23,Accrington,Grimsby,1,1,D,1
2025-08-23,Bristol Rvs,Cambridge,1,0,H,0
2025-08-23,Cheltenham,Barnet,0,1,A,0
2025-08-23,Colchester,Barrow,0,2,A,0
2025-08-23,Crawley Town,Tranmere,0,2,A,0
2025-08-23,Fleetwood Town,Oldham,1,1,D,1
2025-08-23,Gillingham,Crewe,1,0,H,0
2025-08-23,Harrogate,Chesterfield,1,2,A,0
2025-08-29,Salford,Cheltenham,1,1,D,1
2025-08-30,Barrow,Fleetwood Town,0,1,A,0
2025-08-30,Crewe,Swindon,0,3,A,0
2025-08-30,Barnet,Colchester,1,1,D,1
2025-08-30,Bromley,Harrogate,2,0,H,0
2025-08-30,Cambridge,Newport County,2,0,H,0
2025-08-30,Chesterfield,Crawley Town,2,2,D,1
2025-08-30,Grimsby,Bristol Rvs,0,1,A,0
2025-08-30,Milton Keynes Dons,Walsall,0,1,A,0
2025-08-30,Oldham,Gillingham,0,1,A,0
2025-08-30,Shrewsbury,Accrington,0,0,D,1
2025-08-30,Tranmere,Newport County,1,2,A,0
2025-09-06,Walsall,Chesterfield,1,0,H,0
2025-09-06,Newport County,Bristol Rvs,2,3,A,0
2025-09-06,Barnet,Shrewsbury,1,3,A,0
2025-09-06,Barrow,Swindon,1,3,A,0
2025-09-06,Cambridge,Oldham,0,1,A,0
2025-09-06,Cheltenham,Accrington,1,0,H,0
2025-09-06,Colchester,Crewe,1,1,D,1
2025-09-06,Harrogate,Crawley Town,0,1,A,0
2025-09-06,Milton Keynes Dons,Grimsby,2,3,A,0
2025-09-06,Newport County,Fleetwood Town,1,0,H,0
2025-09-06,Salford,Tranmere,3,1,H,0
2025-09-06,Bromley,Gillingham,2,2,D,1
2025-09-13,Crawley Town,Cheltenham,2,0,H,0
2025-09-13,Accrington,Colchester,1,0,H,0
2025-09-13,Bristol Rvs,Barrow,2,1,H,0
2025-09-13,Chesterfield,Milton Keynes Dons,1,1,D,1
2025-09-13,Crewe,Barnet,1,2,A,0
2025-09-13,Fleetwood Town,Walsall,1,1,D,1
2025-09-13,Gillingham,Newport County,1,0,H,0
2025-09-13,Grimsby,Cambridge,1,1,D,1
2025-09-13,Oldham,Bromley,1,0,H,0
2025-09-13,Shrewsbury,Salford,1,3,A,0
2025-09-13,Swindon,Harrogate,3,1,H,0
2025-09-13,Tranmere,Newport County,1,1,D,1
2025-09-20,Walsall,Tranmere,4,2,H,0
2025-09-20,Cambridge,Fleetwood Town,2,1,H,0
2025-09-20,Harrogate,Shrewsbury,2,0,H,0
2025-09-20,Barnet,Grimsby,3,0,H,0
2025-09-20,Barrow,Crewe,1,0,H,0
2025-09-20,Bromley,Chesterfield,2,2,D,1
2025-09-20,Cheltenham,Oldham,0,3,A,0
2025-09-20,Colchester,Bristol Rvs,1,1,D,1
2025-09-20,Milton Keynes Dons,Accrington,1,2,A,0
2025-09-20,Newport County,Gillingham,1,3,A,0
2025-09-20,Newport County,Crawley Town,4,0,H,0
2025-09-20,Salford,Swindon,3,2,H,0
2025-09-27,Crewe,Newport County,2,1,H,0
2025-09-27,Oldham,Barnet,1,1,D,1
2025-09-27,Accrington,Walsall,1,3,A,0
2025-09-27,Bristol Rvs,Salford,2,1,H,0
2025-09-27,Chesterfield,Newport County,4,1,H,0
2025-09-27,Crawley Town,Barrow,1,2,A,0
2025-09-27,Fleetwood Town,Colchester,4,2,H,0
2025-09-27,Gillingham,Harrogate,0,1,A,0
2025-09-27,Grimsby,Cheltenham,7,1,H,0
2025-09-27,Shrewsbury,Milton Keynes Dons,1,2,A,0
2025-09-27,Swindon,Bromley,2,0,H,0
2025-09-27,Tranmere,Cambridge,0,0,D,1
2025-10-04,Newport County,Oldham,3,1,H,0
2025-10-04,Milton Keynes Dons,Gillingham,3,2,H,0
2025-10-04,Newport County,Swindon,0,1,A,0
2025-10-04,Barnet,Accrington,2,0,H,0
2025-10-04,Barrow,Shrewsbury,0,0,D,1
2025-10-04,Bromley,Tranmere,3,3,D,1
2025-10-04,Cambridge,Crawley Town,3,1,H,0
2025-10-04,Cheltenham,Fleetwood Town,2,0,H,0
2025-10-04,Colchester,Chesterfield,6,2,H,0
2025-10-04,Salford,Grimsby,0,2,A,0
2025-10-04,Walsall,Bristol Rvs,2,1,H,0
2025-10-06,Harrogate,Crewe,1,2,A,0
2025-10-11,Accrington,Newport County,0,1,A,0
2025-10-11,Bristol Rvs,Milton Keynes Dons,0,4,A,0
2025-10-11,Chesterfield,Salford,2,0,H,0
2025-10-11,Crawley Town,Walsall,1,1,D,1
2025-10-11,Crewe,Bromley,0,1,A,0
2025-10-11,Fleetwood Town,Harrogate,3,2,H,0
2025-10-11,Gillingham,Cheltenham,1,1,D,1
2025-10-11,Grimsby,Colchester,1,2,A,0
2025-10-11,Shrewsbury,Cambridge,2,0,H,0
2025-10-11,Oldham,Barrow,0,0,D,1
2025-10-11,Tranmere,Barnet,0,2,A,0
2025-10-18,Colchester,Harrogate,3,1,H,0
2025-10-18,Shrewsbury,Crawley Town,1,0,H,0
2025-10-18,Newport County,Cheltenham,0,2,A,0
2025-10-18,Milton Keynes Dons,Crewe,3,1,H,0
2025-10-18,Grimsby,Gillingham,1,0,H,0
2025-10-18,Walsall,Barrow,1,2,A,0
2025-10-18,Chesterfield,Fleetwood Town,1,1,D,1
2025-10-18,Bristol Rvs,Tranmere,1,4,A,0
2025-10-18,Barnet,Newport County,0,1,A,0
2025-10-18,Accrington,Swindon,4,0,H,0
2025-10-18,Salford,Oldham,1,0,H,0
2025-10-18,Cambridge,Bromley,2,1,H,0
2025-10-21,Swindon,Newport County,2,2,D,1
2025-10-25,Swindon,Colchester,0,0,D,1
2025-10-25,Tranmere,Chesterfield,1,1,D,1
2025-10-25,Oldham,Shrewsbury,2,2,D,1
2025-10-25,Newport County,Cambridge,2,0,H,0
2025-10-25,Harrogate,Newport County,0,3,A,0
2025-10-25,Gillingham,Salford,1,2,A,0
2025-10-25,Crewe,Grimsby,3,2,H,0
2025-10-25,Crawley Town,Bristol Rvs,4,0,H,0
2025-10-25,Bromley,Milton Keynes Dons,2,1,H,0
2025-10-25,Barrow,Barnet,2,2,D,1
2025-10-25,Fleetwood Town,Accrington,2,1,H,0
2025-10-25,Cheltenham,Walsall,1,0,H,0
2025-10-28,Accrington,Tranmere,1,1,D,1
2025-11-08,Colchester,Bromley,0,2,A,0
2025-11-08,Salford,Cambridge,0,0,D,1
2025-11-08,Newport County,Walsall,2,4,A,0
2025-11-08,Swindon,Tranmere,2,1,H,0
2025-11-08,Harrogate,Oldham,0,1,A,0
2025-11-08,Crawley Town,Fleetwood Town,2,1,H,0
2025-11-08,Chesterfield,Accrington,3,3,D,1
2025-11-08,Bristol Rvs,Gillingham,0,1,A,0
2025-11-08,Barrow,Grimsby,2,2,D,1
2025-11-08,Barnet,Milton Keynes Dons,2,2,D,1
2025-11-08,Crewe,Shrewsbury,3,1,H,0
2025-11-10,Cheltenham,Newport County,1,2,A,0
2025-11-15,Accrington,Bristol Rvs,3,1,H,0
2025-11-15,Bromley,Barrow,2,1,H,0
2025-11-15,Cambridge,Barnet,0,0,D,1
2025-11-15,Fleetwood Town,Swindon,1,1,D,1
2025-11-15,Grimsby,Chesterfield,0,1,A,0
2025-11-15,Milton Keynes Dons,Salford,2,0,H,0
2025-11-15,Newport County,Harrogate,1,1,D,1
2025-11-15,Oldham,Crewe,0,0,D,1
2025-11-15,Shrewsbury,Newport County,1,0,H,0
2025-11-15,Tranmere,Cheltenham,3,2,H,0
2025-11-15,Walsall,Colchester,0,2,A,0
2025-11-15,Gillingham,Crawley Town,2,2,D,1
2025-11-22,Swindon,Grimsby,2,2,D,1
2025-11-22,Newport County,Colchester,1,3,A,0
2025-11-22,Fleetwood Town,Shrewsbury,3,1,H,0
2025-11-22,Crewe,Chesterfield,3,3,D,1
2025-11-22,Crawley Town,Accrington,1,1,D,1
2025-11-22,Cheltenham,Bristol Rvs,1,0,H,0
2025-11-22,Bromley,Salford,2,0,H,0
2025-11-22,Barrow,Cambridge,0,2,A,0
2025-11-22,Harrogate,Walsall,0,2,A,0
2025-11-22,Gillingham,Barnet,1,1,D,1
2025-11-22,Oldham,Newport County,3,0,H,0
2025-11-22,Tranmere,Milton Keynes Dons,2,2,D,1
2025-11-27,Grimsby,Tranmere,1,2,A,0
2025-11-29,Milton Keynes Dons,Fleetwood Town,2,1,H,0
2025-11-29,Accrington,Oldham,1,0,H,0
2025-11-29,Barnet,Harrogate,1,1,D,1
2025-11-29,Bristol Rvs,Newport County,0,1,A,0
2025-11-29,Cambridge,Crewe,2,1,H,0
2025-11-29,Chesterfield,Swindon,1,2,A,0
2025-11-29,Colchester,Cheltenham,2,0,H,0
2025-11-29,Newport County,Barrow,2,2,D,1
2025-11-29,Salford,Crawley Town,4,3,H,0
2025-11-29,Shrewsbury,Gillingham,3,3,D,1
2025-11-29,Walsall,Bromley,3,1,H,0
2025-12-06,Colchester,Gillingham,0,0,D,1
2025-12-09,Barnet,Bristol Rvs,4,0,H,0
2025-12-09,Barrow,Tranmere,0,3,A,0
2025-12-09,Bromley,Crawley Town,3,1,H,0
2025-12-09,Cambridge,Chesterfield,1,1,D,1
2025-12-09,Fleetwood Town,Salford,1,1,D,1
2025-12-09,Harrogate,Accrington,0,2,A,0
2025-12-09,Newport County,Milton Keynes Dons,3,2,H,0
2025-12-09,Shrewsbury,Grimsby,1,1,D,1
2025-12-09,Swindon,Cheltenham,0,1,A,0
2025-12-10,Oldham,Walsall,0,1,A,0
2025-12-10,Crewe,Newport County,2,2,D,1
2025-12-13,Salford,Colchester,4,3,H,0
2025-12-13,Cheltenham,Harrogate,1,1,D,1
2025-12-13,Chesterfield,Barnet,3,1,H,0
2025-12-13,Crawley Town,Oldham,2,2,D,1
2025-12-13,Gillingham,Barrow,2,2,D,1
2025-12-13,Grimsby,Newport County,0,2,A,0
2025-12-13,Milton Keynes Dons,Cambridge,1,1,D,1
2025-12-13,Newport County,Fleetwood Town,0,2,A,0
2025-12-13,Tranmere,Crewe,1,4,A,0
2025-12-13,Walsall,Shrewsbury,1,1,D,1
2025-12-13,Bristol Rvs,Swindon,0,3,A,0
2025-12-13,Accrington,Bromley,0,1,A,0
2025-12-19,Crewe,Bristol Rvs,1,1,D,1
2025-12-19,Cambridge,Accrington,2,0,H,0
2025-12-19,Barrow,Cheltenham,1,2,A,0
2025-12-20,Harrogate,Milton Keynes Dons,0,4,A,0
2025-12-20,Bromley,Grimsby,2,0,H,0
2025-12-20,Newport County,Walsall,0,0,D,1
2025-12-20,Barnet,Salford,1,3,A,0
2025-12-20,Colchester,Newport County,4,1,H,0
2025-12-20,Fleetwood Town,Gillingham,2,1,H,0
2025-12-20,Oldham,Tranmere,3,1,H,0
2025-12-20,Shrewsbury,Chesterfield,0,1,A,0
2025-12-20,Swindon,Crawley Town,1,0,H,0
2025-12-26,Walsall,Crewe,1,0,H,0
2025-12-26,Accrington,Barrow,2,1,H,0
2025-12-26,Bristol Rvs,Bromley,2,3,A,0
2025-12-26,Cheltenham,Shrewsbury,3,1,H,0
2025-12-26,Chesterfield,Newport County,2,0,H,0
2025-12-26,Crawley Town,Colchester,1,1,D,1
2025-12-26,Gillingham,Cambridge,1,1,D,1
2025-12-26,Grimsby,Oldham,0,0,D,1
2025-12-26,Milton Keynes Dons,Swindon,1,0,H,0
2025-12-26,Newport County,Barnet,0,0,D,1
2025-12-26,Salford,Harrogate,1,0,H,0
2025-12-26,Tranmere,Fleetwood Town,1,0,H,0
2025-12-29,Crawley Town,Bromley,1,3,A,0
2025-12-29,Tranmere,Barrow,1,3,A,0
2025-12-29,Salford,Fleetwood Town,0,0,D,1
2025-12-29,Milton Keynes Dons,Newport County,1,1,D,1
2025-12-29,Grimsby,Shrewsbury,1,0,H,0
2025-12-29,Gillingham,Colchester,1,1,D,1
2025-12-29,Walsall,Oldham,1,2,A,0
2025-12-29,Chesterfield,Cambridge,0,1,A,0
2025-12-29,Cheltenham,Swindon,0,2,A,0
2025-12-29,Bristol Rvs,Barnet,0,2,A,0
2025-12-29,Accrington,Harrogate,1,0,H,0
2025-12-29,Newport County,Crewe,2,0,H,0
2026-01-01,Swindon,Gillingham,2,0,H,0
2026-01-01,Shrewsbury,Bristol Rvs,0,3,A,0
2026-01-01,Oldham,Chesterfield,1,1,D,1
2026-01-01,Newport County,Accrington,0,1,A,0
2026-01-01,Harrogate,Tranmere,0,2,A,0
2026-01-01,Fleetwood Town,Grimsby,0,1,A,0
2026-01-01,Crewe,Cheltenham,4,1,H,0
2026-01-01,Colchester,Milton Keynes Dons,1,0,H,0
2026-01-01,Cambridge,Walsall,2,0,H,0
2026-01-01,Bromley,Newport County,2,1,H,0
2026-01-01,Barrow,Salford,1,2,A,0
2026-01-01,Barnet,Crawley Town,2,1,H,0
