league_code,season,match_date,home_team,away_team,home_rest_days,away_rest_days,is_midweek
E3,1920,2019-08-03,Newport County,Mansfield,91,91,False
E3,1920,2019-08-03,Northampton,Walsall,91,7,False
E3,1920,2019-08-03,Colchester,Port Vale,91,91,False
E3,1920,2019-08-03,Scunthorpe,Swindon,7,91,False
E3,1920,2019-08-03,Crewe,Plymouth,91,638,False
E3,1920,2019-08-03,Salford,Stevenage,7,91,False
E3,1920,2019-08-03,Carlisle,Crawley Town,91,91,False
E3,1920,2019-08-03,Bradford,Cambridge,7,91,False
E3,1920,2019-08-03,Forest Green,Oldham,91,91,False
E3,1920,2019-08-03,Exeter,Mansfield,91,91,False
E3,1920,2019-08-03,Leyton Orient,Cheltenham,638,91,False
E3,1920,2019-08-03,Morecambe,Grimsby,91,91,False
E3,1920,2019-08-10,Cheltenham,Scunthorpe,7,7,False
E3,1920,2019-08-10,Crawley Town,Salford,7,7,False
E3,1920,2019-08-10,Grimsby,Bradford,7,7,False
E3,1920,2019-08-10,Mansfield,Leyton Orient,7,7,False
E3,1920,2019-08-10,Cambridge,Newport County,7,7,False
E3,1920,2019-08-10,Mansfield,Morecambe,7,7,False
E3,1920,2019-08-10,Oldham,Crewe,7,7,False
E3,1920,2019-08-10,Plymouth,Colchester,7,7,False
E3,1920,2019-08-10,Port Vale,Northampton,7,7,False
E3,1920,2019-08-10,Stevenage,Exeter,7,7,False
E3,1920,2019-08-10,Swindon,Carlisle,7,7,False
E3,1920,2019-08-10,Walsall,Forest Green,7,7,False
E3,1920,2019-08-17,Newport County,Plymouth,7,7,False
E3,1920,2019-08-17,Bradford,Oldham,7,7,False
E3,1920,2019-08-17,Carlisle,Mansfield,7,7,False
E3,1920,2019-08-17,Colchester,Cambridge,7,7,False
E3,1920,2019-08-17,Crewe,Walsall,7,7,False
E3,1920,2019-08-17,Exeter,Swindon,7,7,False
E3,1920,2019-08-17,Forest Green,Grimsby,7,7,False
E3,1920,2019-08-17,Leyton Orient,Stevenage,7,7,False
E3,1920,2019-08-17,Morecambe,Cheltenham,7,7,False
E3,1920,2019-08-17,Northampton,Mansfield,7,7,False
E3,1920,2019-08-17,Salford,Port Vale,7,7,False
E3,1920,2019-08-17,Scunthorpe,Crawley Town,7,7,False
E3,1920,2019-08-20,Crawley Town,Crewe,3,3,True
E3,1920,2019-08-20,Grimsby,Colchester,3,3,True
E3,1920,2019-08-20,Mansfield,Morecambe,3,3,True
E3,1920,2019-08-20,Mansfield,Leyton Orient,3,3,True
E3,1920,2019-08-20,Oldham,Exeter,3,3,True
E3,1920,2019-08-20,Plymouth,Salford,3,3,True
E3,1920,2019-08-20,Port Vale,Forest Green,3,3,True
E3,1920,2019-08-20,Stevenage,Bradford,3,3,True
E3,1920,2019-08-20,Swindon,Northampton,3,3,True
E3,1920,2019-08-20,Walsall,Newport County,3,3,True
E3,1920,2019-08-20,Cheltenham,Carlisle,3,3,True
E3,1920,2019-08-20,Cambridge,Scunthorpe,3,3,True
E3,1920,2019-08-24,Mansfield,Stevenage,4,4,False
E3,1920,2019-08-24,Bradford,Forest Green,4,4,False
E3,1920,2019-08-24,Cambridge,Oldham,4,4,False
E3,1920,2019-08-24,Carlisle,Salford,4,4,False
E3,1920,2019-08-24,Cheltenham,Swindon,4,4,False
E3,1920,2019-08-24,Colchester,Northampton,4,4,False
E3,1920,2019-08-24,Grimsby,Port Vale,4,4,False
E3,1920,2019-08-24,Leyton Orient,Crawley Town,4,4,False
E3,1920,2019-08-24,Mansfield,Scunthorpe,4,4,False
E3,1920,2019-08-24,Morecambe,Exeter,4,4,False
E3,1920,2019-08-24,Newport County,Crewe,4,4,False
E3,1920,2019-08-24,Plymouth,Walsall,4,4,False
E3,1920,2019-08-31,Oldham,Colchester,7,7,False
E3,1920,2019-08-31,Port Vale,Cambridge,7,7,False
E3,1920,2019-08-31,Salford,Leyton Orient,7,7,False
E3,1920,2019-08-31,Scunthorpe,Carlisle,7,7,False
E3,1920,2019-08-31,Stevenage,Mansfield,7,7,False
E3,1920,2019-08-31,Swindon,Morecambe,7,7,False
E3,1920,2019-08-31,Exeter,Mansfield,7,7,False
E3,1920,2019-08-31,Walsall,Grimsby,7,7,False
E3,1920,2019-08-31,Crawley Town,Cheltenham,7,7,False
E3,1920,2019-08-31,Crewe,Bradford,7,7,False
E3,1920,2019-08-31,Forest Green,Newport County,7,7,False
E3,1920,2019-08-31,Northampton,Plymouth,7,7,False
E3,1920,2019-09-07,Carlisle,Exeter,7,7,False
E3,1920,2019-09-07,Cheltenham,Stevenage,7,7,False
E3,1920,2019-09-07,Colchester,Walsall,7,7,False
E3,1920,2019-09-07,Grimsby,Crewe,7,7,False
E3,1920,2019-09-07,Leyton Orient,Swindon,7,7,False
E3,1920,2019-09-07,Mansfield,Crawley Town,7,7,False
E3,1920,2019-09-07,Mansfield,Scunthorpe,7,7,False
E3,1920,2019-09-07,Morecambe,Salford,7,7,False
E3,1920,2019-09-07,Bradford,Northampton,7,7,False
E3,1920,2019-09-07,Cambridge,Forest Green,7,7,False
E3,1920,2019-09-07,Newport County,Port Vale,7,7,False
E3,1920,2019-09-07,Plymouth,Oldham,7,7,False
E3,1920,2019-09-14,Scunthorpe,Morecambe,7,7,False
E3,1920,2019-09-14,Crawley Town,Mansfield,7,7,False
E3,1920,2019-09-14,Crewe,Cambridge,7,7,False
E3,1920,2019-09-14,Exeter,Leyton Orient,7,7,False
E3,1920,2019-09-14,Forest Green,Colchester,7,7,False
E3,1920,2019-09-14,Northampton,Newport County,7,7,False
E3,1920,2019-09-14,Oldham,Grimsby,7,7,False
E3,1920,2019-09-14,Port Vale,Plymouth,7,7,False
E3,1920,2019-09-14,Salford,Cheltenham,7,7,False
E3,1920,2019-09-14,Stevenage,Carlisle,7,7,False
E3,1920,2019-09-14,Swindon,Mansfield,7,7,False
E3,1920,2019-09-14,Walsall,Bradford,7,7,False
E3,1920,2019-09-17,Crawley Town,Plymouth,3,3,True
E3,1920,2019-09-17,Exeter,Port Vale,3,3,True
E3,1920,2019-09-17,Leyton Orient,Crewe,3,3,True
E3,1920,2019-09-17,Mansfield,Newport County,3,3,True
E3,1920,2019-09-17,Mansfield,Cambridge,3,3,True
E3,1920,2019-09-17,Morecambe,Walsall,3,3,True
E3,1920,2019-09-17,Salford,Grimsby,3,3,True
E3,1920,2019-09-17,Scunthorpe,Oldham,3,3,True
E3,1920,2019-09-17,Stevenage,Northampton,3,3,True
E3,1920,2019-09-17,Swindon,Colchester,3,3,True
E3,1920,2019-09-17,Cheltenham,Bradford,3,3,True
E3,1920,2019-09-17,Carlisle,Forest Green,3,3,True
E3,1920,2019-09-21,Grimsby,Mansfield,4,4,False
E3,1920,2019-09-21,Bradford,Carlisle,4,4,False
E3,1920,2019-09-21,Cambridge,Swindon,4,4,False
E3,1920,2019-09-21,Colchester,Leyton Orient,4,4,False
E3,1920,2019-09-21,Crewe,Salford,4,4,False
E3,1920,2019-09-21,Forest Green,Stevenage,4,4,False
E3,1920,2019-09-21,Newport County,Exeter,4,4,False
E3,1920,2019-09-21,Northampton,Crawley Town,4,4,False
E3,1920,2019-09-21,Oldham,Morecambe,4,4,False
E3,1920,2019-09-21,Plymouth,Cheltenham,4,4,False
E3,1920,2019-09-21,Port Vale,Mansfield,4,4,False
E3,1920,2019-09-21,Walsall,Scunthorpe,4,4,False
E3,1920,2019-09-28,Salford,Forest Green,7,7,False
E3,1920,2019-09-28,Crawley Town,Walsall,7,7,False
E3,1920,2019-09-28,Scunthorpe,Bradford,7,7,False
E3,1920,2019-09-28,Stevenage,Cambridge,7,7,False
E3,1920,2019-09-28,Mansfield,Colchester,7,7,False
E3,1920,2019-09-28,Swindon,Newport County,7,7,False
E3,1920,2019-09-28,Carlisle,Oldham,7,7,False
E3,1920,2019-09-28,Leyton Orient,Port Vale,7,7,False
E3,1920,2019-09-28,Exeter,Grimsby,7,7,False
E3,1920,2019-09-28,Cheltenham,Crewe,7,7,False
E3,1920,2019-09-28,Mansfield,Plymouth,7,7,False
E3,1920,2019-09-28,Morecambe,Northampton,7,7,False
E3,1920,2019-10-05,Colchester,Stevenage,7,7,False
E3,1920,2019-10-05,Crewe,Exeter,7,7,False
E3,1920,2019-10-05,Forest Green,Crawley Town,7,7,False
E3,1920,2019-10-05,Grimsby,Mansfield,7,7,False
E3,1920,2019-10-05,Newport County,Carlisle,7,7,False
E3,1920,2019-10-05,Northampton,Leyton Orient,7,7,False
E3,1920,2019-10-05,Bradford,Swindon,7,7,False
E3,1920,2019-10-05,Cambridge,Mansfield,7,7,False
E3,1920,2019-10-05,Oldham,Cheltenham,7,7,False
E3,1920,2019-10-05,Plymouth,Scunthorpe,7,7,False
E3,1920,2019-10-05,Port Vale,Morecambe,7,7,False
E3,1920,2019-10-05,Walsall,Salford,7,7,False
E3,1920,2019-10-12,Morecambe,Bradford,7,7,False
E3,1920,2019-10-12,Carlisle,Crewe,7,7,False
E3,1920,2019-10-12,Crawley Town,Colchester,7,7,False
E3,1920,2019-10-12,Exeter,Forest Green,7,7,False
E3,1920,2019-10-12,Leyton Orient,Walsall,7,7,False
E3,1920,2019-10-12,Mansfield,Port Vale,7,7,False
E3,1920,2019-10-12,Mansfield,Oldham,7,7,False
E3,1920,2019-10-12,Salford,Cambridge,7,7,False
E3,1920,2019-10-12,Scunthorpe,Northampton,7,7,False
E3,1920,2019-10-12,Stevenage,Grimsby,7,7,False
E3,1920,2019-10-12,Swindon,Plymouth,7,7,False
E3,1920,2019-10-19,Colchester,Morecambe,7,7,False
E3,1920,2019-10-19,Crewe,Swindon,7,7,False
E3,1920,2019-10-19,Forest Green,Mansfield,7,7,False
E3,1920,2019-10-19,Grimsby,Leyton Orient,7,7,False
E3,1920,2019-10-19,Newport County,Scunthorpe,14,7,False
E3,1920,2019-10-19,Northampton,Salford,7,7,False
E3,1920,2019-10-19,Oldham,Mansfield,7,7,False
E3,1920,2019-10-19,Plymouth,Carlisle,7,7,False
E3,1920,2019-10-19,Port Vale,Stevenage,7,7,False
E3,1920,2019-10-19,Walsall,Cheltenham,7,14,False
E3,1920,2019-10-19,Cambridge,Exeter,7,7,False
E3,1920,2019-10-19,Bradford,Crawley Town,7,7,False
E3,1920,2019-10-22,Morecambe,Forest Green,3,3,True
E3,1920,2019-10-22,Bradford,Port Vale,3,3,True
E3,1920,2019-10-22,Cambridge,Grimsby,3,3,True
E3,1920,2019-10-22,Carlisle,Northampton,3,3,True
E3,1920,2019-10-22,Cheltenham,Mansfield,3,3,True
E3,1920,2019-10-22,Crewe,Colchester,3,3,True
E3,1920,2019-10-22,Mansfield,Salford,3,3,True
E3,1920,2019-10-22,Newport County,Crawley Town,3,3,True
E3,1920,2019-10-22,Oldham,Walsall,3,3,True
E3,1920,2019-10-22,Plymouth,Leyton Orient,3,3,True
E3,1920,2019-10-22,Scunthorpe,Exeter,3,3,True
E3,1920,2019-10-22,Swindon,Stevenage,3,3,True
E3,1920,2019-10-26,Port Vale,Oldham,4,4,False
E3,1920,2019-10-26,Salford,Scunthorpe,4,4,False
E3,1920,2019-10-26,Stevenage,Morecambe,4,4,False
E3,1920,2019-10-26,Walsall,Mansfield,4,4,False
E3,1920,2019-10-26,Crawley Town,Swindon,4,4,False
E3,1920,2019-10-26,Exeter,Plymouth,4,4,False
E3,1920,2019-10-26,Colchester,Newport County,4,4,False
E3,1920,2019-10-26,Leyton Orient,Carlisle,4,4,False
E3,1920,2019-10-26,Northampton,Cambridge,4,4,False
E3,1920,2019-11-02,Carlisle,Mansfield,7,7,False
E3,1920,2019-11-02,Cheltenham,Forest Green,11,11,False
E3,1920,2019-11-02,Crewe,Port Vale,11,7,False
E3,1920,2019-11-02,Mansfield,Colchester,7,7,False
E3,1920,2019-11-02,Morecambe,Leyton Orient,7,7,False
E3,1920,2019-11-02,Newport County,Salford,7,7,False
E3,1920,2019-11-02,Bradford,Exeter,11,7,False
E3,1920,2019-11-02,Cambridge,Crawley Town,7,7,False
E3,1920,2019-11-02,Oldham,Northampton,7,7,False
E3,1920,2019-11-02,Scunthorpe,Stevenage,7,7,False
E3,1920,2019-11-02,Swindon,Walsall,7,7,False
E3,1920,2019-11-16,Walsall,Cambridge,14,14,False
E3,1920,2019-11-16,Crawley Town,Morecambe,14,14,False
E3,1920,2019-11-16,Exeter,Cheltenham,14,14,False
E3,1920,2019-11-16,Forest Green,Plymouth,14,21,False
E3,1920,2019-11-16,Leyton Orient,Scunthorpe,14,14,False
E3,1920,2019-11-16,Mansfield,Mansfield,14,14,False
E3,1920,2019-11-16,Northampton,Crewe,14,14,False
E3,1920,2019-11-16,Port Vale,Carlisle,14,14,False
E3,1920,2019-11-16,Salford,Swindon,14,14,False
E3,1920,2019-11-23,Carlisle,Cambridge,7,7,False
E3,1920,2019-11-23,Crewe,Morecambe,7,7,False
E3,1920,2019-11-23,Leyton Orient,Forest Green,7,7,False
E3,1920,2019-11-23,Newport County,Oldham,21,21,False
E3,1920,2019-11-23,Northampton,Grimsby,7,32,False
E3,1920,2019-11-23,Plymouth,Bradford,7,21,False
E3,1920,2019-11-23,Salford,Mansfield,7,7,False
E3,1920,2019-11-23,Scunthorpe,Port Vale,7,7,False
E3,1920,2019-11-23,Swindon,Mansfield,7,7,False
E3,1920,2019-11-23,Walsall,Stevenage,7,21,False
E3,1920,2019-11-23,Cheltenham,Colchester,7,21,False
E3,1920,2019-11-23,Crawley Town,Exeter,7,7,False
E3,1920,2019-11-26,Forest Green,Crewe,3,3,True
E3,1920,2019-11-26,Grimsby,Cheltenham,3,3,True
E3,1920,2019-11-30,Mansfield,Bradford,7,7,False
E3,1920,2019-12-07,Port Vale,Walsall,14,14,False
E3,1920,2019-12-07,Bradford,Newport County,7,14,False
E3,1920,2019-12-07,Grimsby,Swindon,11,14,False
E3,1920,2019-12-07,Morecambe,Carlisle,14,14,False
E3,1920,2019-12-07,Cambridge,Plymouth,14,14,False
E3,1920,2019-12-07,Forest Green,Scunthorpe,11,14,False
E3,1920,2019-12-07,Mansfield,Cheltenham,7,11,False
E3,1920,2019-12-07,Colchester,Salford,14,14,False
E3,1920,2019-12-07,Exeter,Northampton,14,14,False
E3,1920,2019-12-07,Oldham,Leyton Orient,14,14,False
E3,1920,2019-12-07,Stevenage,Crawley Town,14,14,False
E3,1920,2019-12-14,Walsall,Mansfield,7,7,False
E3,1920,2019-12-14,Crewe,Mansfield,18,7,False
E3,1920,2019-12-14,Carlisle,Grimsby,7,7,False
E3,1920,2019-12-14,Cheltenham,Cambridge,7,7,False
E3,1920,2019-12-14,Leyton Orient,Bradford,7,7,False
E3,1920,2019-12-14,Newport County,Stevenage,7,7,False
E3,1920,2019-12-14,Northampton,Forest Green,7,7,False
E3,1920,2019-12-14,Plymouth,Morecambe,7,7,False
E3,1920,2019-12-14,Crawley Town,Port Vale,7,7,False
E3,1920,2019-12-14,Salford,Exeter,7,7,False
E3,1920,2019-12-14,Scunthorpe,Colchester,7,7,False
E3,1920,2019-12-14,Swindon,Oldham,7,7,False
E3,1920,2019-12-21,Morecambe,Newport County,7,7,False
E3,1920,2019-12-21,Grimsby,Scunthorpe,7,7,False
E3,1920,2019-12-21,Bradford,Salford,7,7,False
E3,1920,2019-12-21,Cambridge,Leyton Orient,7,7,False
E3,1920,2019-12-21,Colchester,Carlisle,7,7,False
E3,1920,2019-12-21,Exeter,Walsall,7,7,False
E3,1920,2019-12-21,Forest Green,Swindon,7,7,False
E3,1920,2019-12-21,Mansfield,Northampton,7,7,False
E3,1920,2019-12-21,Oldham,Crawley Town,7,7,False
E3,1920,2019-12-21,Port Vale,Cheltenham,7,7,False
E3,1920,2019-12-21,Stevenage,Crewe,7,7,False
E3,1920,2019-12-26,Cheltenham,Plymouth,5,12,True
E3,1920,2019-12-26,Crawley Town,Northampton,5,5,True
E3,1920,2019-12-26,Exeter,Newport County,5,5,True
E3,1920,2019-12-26,Mansfield,Grimsby,5,5,True
E3,1920,2019-12-26,Mansfield,Port Vale,5,5,True
E3,1920,2019-12-26,Morecambe,Oldham,5,5,True
E3,1920,2019-12-26,Salford,Crewe,5,5,True
E3,1920,2019-12-26,Scunthorpe,Walsall,5,5,True
E3,1920,2019-12-26,Stevenage,Forest Green,5,5,True
E3,1920,2019-12-26,Swindon,Cambridge,5,5,True
E3,1920,2019-12-26,Carlisle,Bradford,5,5,True
E3,1920,2019-12-26,Leyton Orient,Colchester,5,5,True
E3,1920,2019-12-29,Plymouth,Stevenage,3,3,False
E3,1920,2019-12-29,Bradford,Mansfield,3,3,False
E3,1920,2019-12-29,Cambridge,Morecambe,3,3,False
E3,1920,2019-12-29,Colchester,Exeter,3,3,False
E3,1920,2019-12-29,Crewe,Scunthorpe,3,3,False
E3,1920,2019-12-29,Forest Green,Mansfield,3,3,False
E3,1920,2019-12-29,Grimsby,Crawley Town,3,3,False
E3,1920,2019-12-29,Newport County,Leyton Orient,3,3,False
E3,1920,2019-12-29,Northampton,Cheltenham,3,3,False
E3,1920,2019-12-29,Oldham,Salford,3,3,False
E3,1920,2019-12-29,Port Vale,Swindon,3,3,False
E3,1920,2019-12-29,Walsall,Carlisle,3,3,False
E3,1920,2020-01-01,Crewe,Carlisle,3,3,True
E3,1920,2020-01-01,Grimsby,Salford,3,3,True
E3,1920,2020-01-01,Newport County,Cheltenham,3,3,True
E3,1920,2020-01-01,Northampton,Stevenage,3,3,True
E3,1920,2020-01-01,Oldham,Scunthorpe,3,3,True
E3,1920,2020-01-01,Plymouth,Swindon,3,3,True
E3,1920,2020-01-01,Port Vale,Mansfield,3,3,True
E3,1920,2020-01-01,Walsall,Leyton Orient,3,3,True
E3,1920,2020-01-01,Bradford,Morecambe,3,3,True
E3,1920,2020-01-01,Cambridge,Mansfield,3,3,True
E3,1920,2020-01-01,Colchester,Crawley Town,3,3,True
E3,1920,2020-01-01,Forest Green,Exeter,3,3,True
E3,1920,2020-01-04,Mansfield,Cambridge,3,3,False
E3,1920,2020-01-04,Mansfield,Grimsby,3,3,False
E3,1920,2020-01-04,Salford,Walsall,3,3,False
E3,1920,2020-01-04,Scunthorpe,Plymouth,3,3,False
E3,1920,2020-01-04,Cheltenham,Oldham,3,3,False
E3,1920,2020-01-04,Crawley Town,Forest Green,3,3,False
E3,1920,2020-01-04,Stevenage,Colchester,3,3,False
E3,1920,2020-01-04,Swindon,Bradford,3,3,False
E3,1920,2020-01-11,Carlisle,Plymouth,10,7,False
E3,1920,2020-01-11,Cheltenham,Walsall,7,7,False
E3,1920,2020-01-11,Crawley Town,Bradford,7,7,False
E3,1920,2020-01-11,Exeter,Cambridge,10,7,False
E3,1920,2020-01-11,Leyton Orient,Grimsby,10,7,False
E3,1920,2020-01-11,Mansfield,Oldham,7,7,False
E3,1920,2020-01-11,Mansfield,Forest Green,7,7,False
E3,1920,2020-01-11,Morecambe,Colchester,10,7,False
E3,1920,2020-01-11,Salford,Northampton,7,10,False
E3,1920,2020-01-11,Scunthorpe,Newport County,7,10,False
E3,1920,2020-01-11,Stevenage,Port Vale,7,10,False
E3,1920,2020-01-11,Swindon,Crewe,7,10,False
E3,1920,2020-01-14,Morecambe,Port Vale,3,3,True
E3,1920,2020-01-14,Stevenage,Oldham,3,3,True
E3,1920,2020-01-18,Colchester,Mansfield,7,7,False
E3,1920,2020-01-18,Crewe,Cheltenham,7,7,False
E3,1920,2020-01-18,Forest Green,Salford,7,7,False
E3,1920,2020-01-18,Grimsby,Exeter,7,7,False
E3,1920,2020-01-18,Newport County,Swindon,7,7,False
E3,1920,2020-01-18,Northampton,Morecambe,7,4,False
E3,1920,2020-01-18,Bradford,Scunthorpe,7,7,False
E3,1920,2020-01-18,Plymouth,Mansfield,7,7,False
E3,1920,2020-01-18,Port Vale,Leyton Orient,4,7,False
E3,1920,2020-01-18,Walsall,Crawley Town,7,7,False
E3,1920,2020-01-18,Oldham,Carlisle,4,7,False
E3,1920,2020-01-18,Cambridge,Stevenage,7,4,False
E3,1920,2020-01-21,Mansfield,Crewe,3,3,True
E3,1920,2020-01-21,Leyton Orient,Northampton,3,3,True
E3,1920,2020-01-21,Colchester,Bradford,3,3,True
E3,1920,2020-01-25,Leyton Orient,Newport County,4,7,False
E3,1920,2020-01-25,Carlisle,Walsall,7,7,False
E3,1920,2020-01-25,Crawley Town,Grimsby,7,7,False
E3,1920,2020-01-25,Exeter,Colchester,7,4,False
E3,1920,2020-01-25,Mansfield,Forest Green,4,7,False
E3,1920,2020-01-25,Mansfield,Bradford,4,4,False
E3,1920,2020-01-25,Morecambe,Cambridge,7,7,False
E3,1920,2020-01-25,Salford,Oldham,7,7,False
E3,1920,2020-01-25,Scunthorpe,Crewe,7,4,False
E3,1920,2020-01-25,Stevenage,Plymouth,7,7,False
E3,1920,2020-01-25,Swindon,Port Vale,7,7,False
E3,1920,2020-01-28,Northampton,Scunthorpe,7,3,True
E3,1920,2020-01-28,Oldham,Mansfield,3,3,True
E3,1920,2020-01-28,Plymouth,Crawley Town,3,3,True
E3,1920,2020-01-28,Port Vale,Exeter,3,3,True
E3,1920,2020-01-28,Walsall,Morecambe,3,3,True
E3,1920,2020-01-28,Grimsby,Stevenage,3,3,True
E3,1920,2020-01-28,Bradford,Cheltenham,3,10,True
E3,1920,2020-01-28,Cambridge,Salford,3,3,True
E3,1920,2020-01-28,Forest Green,Carlisle,3,3,True
E3,1920,2020-01-28,Crewe,Leyton Orient,3,3,True
E3,1920,2020-01-28,Colchester,Swindon,3,3,True
E3,1920,2020-01-28,Newport County,Mansfield,3,3,True
E3,1920,2020-02-01,Crawley Town,Scunthorpe,4,4,False
E3,1920,2020-02-01,Grimsby,Forest Green,4,4,False
E3,1920,2020-02-01,Mansfield,Northampton,4,4,False
E3,1920,2020-02-01,Mansfield,Carlisle,4,4,False
E3,1920,2020-02-01,Oldham,Bradford,4,4,False
E3,1920,2020-02-01,Cambridge,Colchester,4,4,False
E3,1920,2020-02-01,Plymouth,Newport County,4,4,False
E3,1920,2020-02-01,Port Vale,Salford,4,4,False
E3,1920,2020-02-01,Stevenage,Leyton Orient,4,4,False
E3,1920,2020-02-01,Cheltenham,Morecambe,4,4,False
E3,1920,2020-02-01,Swindon,Exeter,4,4,False
E3,1920,2020-02-01,Walsall,Crewe,4,4,False
E3,1920,2020-02-08,Newport County,Cambridge,7,7,False
E3,1920,2020-02-08,Bradford,Grimsby,7,7,False
E3,1920,2020-02-08,Carlisle,Swindon,7,7,False
E3,1920,2020-02-08,Colchester,Plymouth,7,7,False
E3,1920,2020-02-08,Crewe,Oldham,7,7,False
E3,1920,2020-02-08,Exeter,Stevenage,7,7,False
E3,1920,2020-02-08,Forest Green,Walsall,7,7,False
E3,1920,2020-02-08,Leyton Orient,Mansfield,7,7,False
E3,1920,2020-02-08,Morecambe,Mansfield,7,7,False
E3,1920,2020-02-08,Northampton,Port Vale,7,7,False
E3,1920,2020-02-08,Salford,Crawley Town,7,7,False
E3,1920,2020-02-08,Scunthorpe,Cheltenham,7,7,False
E3,1920,2020-02-11,Colchester,Grimsby,3,3,True
E3,1920,2020-02-11,Crewe,Crawley Town,3,3,True
E3,1920,2020-02-11,Exeter,Oldham,3,3,True
E3,1920,2020-02-11,Forest Green,Port Vale,3,3,True
E3,1920,2020-02-11,Leyton Orient,Mansfield,3,3,True
E3,1920,2020-02-11,Morecambe,Mansfield,3,3,True
E3,1920,2020-02-11,Newport County,Walsall,3,3,True
E3,1920,2020-02-11,Northampton,Swindon,3,3,True
E3,1920,2020-02-11,Salford,Plymouth,3,3,True
E3,1920,2020-02-11,Scunthorpe,Cambridge,3,3,True
E3,1920,2020-02-11,Carlisle,Cheltenham,3,3,True
E3,1920,2020-02-11,Bradford,Stevenage,3,3,True
E3,1920,2020-02-15,Grimsby,Morecambe,4,4,False
E3,1920,2020-02-15,Cambridge,Bradford,4,4,False
E3,1920,2020-02-15,Cheltenham,Leyton Orient,4,4,False
E3,1920,2020-02-15,Crawley Town,Carlisle,4,4,False
E3,1920,2020-02-15,Mansfield,Exeter,4,4,False
E3,1920,2020-02-15,Mansfield,Newport County,4,4,False
E3,1920,2020-02-15,Oldham,Forest Green,4,4,False
E3,1920,2020-02-15,Plymouth,Crewe,4,4,False
E3,1920,2020-02-15,Port Vale,Colchester,4,4,False
E3,1920,2020-02-15,Stevenage,Salford,4,4,False
E3,1920,2020-02-15,Walsall,Northampton,4,4,False
E3,1920,2020-02-18,Mansfield,Plymouth,3,3,True
E3,1920,2020-02-22,Crawley Town,Stevenage,7,7,False
E3,1920,2020-02-22,Crewe,Mansfield,7,4,False
E3,1920,2020-02-22,Leyton Orient,Oldham,7,7,False
E3,1920,2020-02-22,Newport County,Bradford,7,7,False
E3,1920,2020-02-22,Northampton,Exeter,7,7,False
E3,1920,2020-02-22,Plymouth,Cambridge,4,7,False
E3,1920,2020-02-22,Salford,Colchester,7,7,False
E3,1920,2020-02-22,Scunthorpe,Forest Green,11,7,False
E3,1920,2020-02-22,Swindon,Grimsby,11,7,False
E3,1920,2020-02-22,Walsall,Port Vale,7,7,False
E3,1920,2020-02-22,Cheltenham,Mansfield,7,4,False
E3,1920,2020-02-22,Carlisle,Morecambe,7,7,False
E3,1920,2020-02-25,Grimsby,Newport County,3,3,True
E3,1920,2020-02-25,Cheltenham,Northampton,3,3,True
E3,1920,2020-02-29,Colchester,Cheltenham,7,4,False
E3,1920,2020-02-29,Exeter,Crawley Town,7,7,False
E3,1920,2020-02-29,Grimsby,Northampton,4,4,False
E3,1920,2020-02-29,Mansfield,Salford,7,7,False
E3,1920,2020-02-29,Morecambe,Crewe,7,7,False
E3,1920,2020-02-29,Oldham,Newport County,7,4,False
E3,1920,2020-02-29,Port Vale,Scunthorpe,7,7,False
E3,1920,2020-02-29,Bradford,Plymouth,7,7,False
E3,1920,2020-02-29,Cambridge,Carlisle,7,7,False
E3,1920,2020-03-03,Swindon,Scunthorpe,10,3,True
E3,1920,2020-03-03,Plymouth,Grimsby,3,3,True
E3,1920,2020-03-03,Exeter,Crewe,3,3,True
E3,1920,2020-03-07,Carlisle,Colchester,7,7,False
E3,1920,2020-03-07,Crawley Town,Oldham,7,7,False
E3,1920,2020-03-07,Crewe,Stevenage,4,14,False
E3,1920,2020-03-07,Leyton Orient,Cambridge,14,7,False
E3,1920,2020-03-07,Newport County,Morecambe,7,7,False
E3,1920,2020-03-07,Northampton,Mansfield,7,7,False
E3,1920,2020-03-07,Plymouth,Mansfield,4,7,False
E3,1920,2020-03-07,Salford,Bradford,7,7,False
E3,1920,2020-03-07,Swindon,Forest Green,4,14,False
E3,1920,2020-03-07,Walsall,Exeter,14,4,False
E3,1920,2020-03-07,Cheltenham,Port Vale,7,7,False
E3,1920,2020-03-07,Scunthorpe,Grimsby,4,4,False
E3,1920,2020-03-10,Carlisle,Newport County,3,3,True
