league_code,season,match_date,home_team,away_team,home_rest_days,away_rest_days,is_midweek
F1,1920,2019-08-09,Monaco,Lyon,77,77,False
F1,1920,2019-08-10,Marseille,Reims,78,78,False
F1,1920,2019-08-10,Angers,Bordeaux,78,78,False
F1,1920,2019-08-10,Brest,Toulouse,7,78,False
F1,1920,2019-08-10,Dijon,St Etienne,78,78,False
F1,1920,2019-08-10,Montpellier,Rennes,78,78,False
F1,1920,2019-08-11,Lille,Nantes,79,79,False
F1,1920,2019-08-11,Strasbourg,Metz,79,249,False
F1,1920,2019-08-11,Paris FC,Nimes,79,79,False
F1,1920,2019-08-16,Lyon,Angers,7,6,False
F1,1920,2019-08-17,Nantes,Marseille,6,7,False
F1,1920,2019-08-17,Amiens,Lille,85,6,False
F1,1920,2019-08-17,Bordeaux,Montpellier,7,7,False
F1,1920,2019-08-17,Metz,Monaco,6,8,False
F1,1920,2019-08-17,Nimes,Nice,6,85,False
F1,1920,2019-08-17,Toulouse,Dijon,7,7,False
F1,1920,2019-08-18,St Etienne,Brest,8,8,False
F1,1920,2019-08-18,Reims,Strasbourg,8,7,False
F1,1920,2019-08-18,Rennes,Paris FC,8,7,False
F1,1920,2019-08-24,Amiens,Nantes,7,7,False
F1,1920,2019-08-24,Angers,Metz,8,7,False
F1,1920,2019-08-24,Brest,Reims,6,6,False
F1,1920,2019-08-24,Dijon,Bordeaux,7,7,False
F1,1920,2019-08-25,Monaco,Nimes,8,8,False
F1,1920,2019-08-25,Strasbourg,Rennes,7,7,False
F1,1920,2019-08-25,Paris FC,Toulouse,7,8,False
F1,1920,2019-08-27,Montpellier,Lyon,10,11,True
F1,1920,2019-08-28,Lille,St Etienne,11,10,True
F1,1920,2019-08-28,Nice,Marseille,11,11,True
F1,1920,2019-08-30,Metz,Paris FC,6,5,False
F1,1920,2019-08-31,Lyon,Bordeaux,4,7,False
F1,1920,2019-08-31,Angers,Dijon,7,7,False
F1,1920,2019-08-31,Nantes,Montpellier,7,4,False
F1,1920,2019-08-31,Nimes,Brest,6,7,False
F1,1920,2019-08-31,Toulouse,Amiens,6,7,False
F1,1920,2019-09-01,Reims,Lille,8,4,False
F1,1920,2019-09-01,Rennes,Nice,7,4,False
F1,1920,2019-09-01,Strasbourg,Monaco,7,7,False
F1,1920,2019-09-01,Marseille,St Etienne,4,4,False
F1,1920,2019-09-13,Lille,Angers,12,13,False
F1,1920,2019-09-13,Amiens,Lyon,13,13,False
F1,1920,2019-09-14,Paris FC,Strasbourg,15,13,False
F1,1920,2019-09-14,Bordeaux,Metz,14,15,False
F1,1920,2019-09-14,Brest,Rennes,14,13,False
F1,1920,2019-09-14,Dijon,Nimes,14,14,False
F1,1920,2019-09-14,Montpellier,Nice,14,13,False
F1,1920,2019-09-15,Nantes,Reims,15,14,False
F1,1920,2019-09-15,St Etienne,Toulouse,14,15,False
F1,1920,2019-09-15,Monaco,Marseille,14,14,False
F1,1920,2019-09-20,Strasbourg,Nantes,6,5,False
F1,1920,2019-09-21,Marseille,Montpellier,6,7,False
F1,1920,2019-09-21,Bordeaux,Brest,7,7,False
F1,1920,2019-09-21,Metz,Amiens,7,8,False
F1,1920,2019-09-21,Nice,Dijon,7,7,False
F1,1920,2019-09-21,Nimes,Toulouse,7,6,False
F1,1920,2019-09-21,Reims,Monaco,6,6,False
F1,1920,2019-09-22,Rennes,Lille,8,9,False
F1,1920,2019-09-22,Angers,St Etienne,9,7,False
F1,1920,2019-09-22,Lyon,Paris FC,9,8,False
F1,1920,2019-09-24,Dijon,Marseille,3,3,True
F1,1920,2019-09-24,Monaco,Nice,3,3,True
F1,1920,2019-09-25,Amiens,Bordeaux,4,4,True
F1,1920,2019-09-25,Brest,Lyon,4,3,True
F1,1920,2019-09-25,Lille,Strasbourg,3,5,True
F1,1920,2019-09-25,Montpellier,Nimes,4,4,True
F1,1920,2019-09-25,Nantes,Rennes,5,3,True
F1,1920,2019-09-25,St Etienne,Metz,3,4,True
F1,1920,2019-09-25,Toulouse,Angers,4,3,True
F1,1920,2019-09-25,Paris FC,Reims,3,4,True
F1,1920,2019-09-28,Lyon,Nantes,3,3,False
F1,1920,2019-09-28,Bordeaux,Paris FC,3,3,False
F1,1920,2019-09-28,Angers,Amiens,3,3,False
F1,1920,2019-09-28,Metz,Toulouse,3,3,False
F1,1920,2019-09-28,Monaco,Brest,4,3,False
F1,1920,2019-09-28,Nice,Lille,4,3,False
F1,1920,2019-09-28,Reims,Dijon,3,4,False
F1,1920,2019-09-29,Strasbourg,Montpellier,4,4,False
F1,1920,2019-09-29,Nimes,St Etienne,4,4,False
F1,1920,2019-09-29,Marseille,Rennes,5,4,False
F1,1920,2019-10-04,Amiens,Marseille,6,5,False
F1,1920,2019-10-05,Paris FC,Angers,7,7,False
F1,1920,2019-10-05,Brest,Metz,7,7,False
F1,1920,2019-10-05,Dijon,Strasbourg,7,6,False
F1,1920,2019-10-05,Montpellier,Monaco,6,7,False
F1,1920,2019-10-05,Nantes,Nice,7,7,False
F1,1920,2019-10-05,Toulouse,Bordeaux,7,7,False
F1,1920,2019-10-06,Lille,Nimes,8,7,False
F1,1920,2019-10-06,Rennes,Reims,7,8,False
F1,1920,2019-10-06,St Etienne,Lyon,7,8,False
F1,1920,2019-10-18,Nice,Paris FC,13,13,False
F1,1920,2019-10-19,Lyon,Dijon,13,14,False
F1,1920,2019-10-19,Angers,Brest,14,14,False
F1,1920,2019-10-19,Metz,Nantes,14,14,False
F1,1920,2019-10-19,Nimes,Amiens,13,15,False
F1,1920,2019-10-19,Reims,Montpellier,13,14,False
F1,1920,2019-10-19,Toulouse,Lille,14,13,False
F1,1920,2019-10-20,Bordeaux,St Etienne,15,14,False
F1,1920,2019-10-20,Monaco,Rennes,15,14,False
F1,1920,2019-10-20,Marseille,Strasbourg,16,15,False
F1,1920,2019-10-25,Nantes,Monaco,6,5,False
F1,1920,2019-10-26,Lille,Bordeaux,7,6,False
F1,1920,2019-10-26,Brest,Dijon,7,7,False
F1,1920,2019-10-26,Lyon,Metz,7,7,False
F1,1920,2019-10-26,Montpellier,Angers,7,7,False
F1,1920,2019-10-26,Reims,Nimes,7,7,False
F1,1920,2019-10-26,Strasbourg,Nice,6,8,False
F1,1920,2019-10-27,Rennes,Toulouse,7,8,False
F1,1920,2019-10-27,St Etienne,Amiens,7,8,False
F1,1920,2019-10-27,Paris FC,Marseille,9,7,False
F1,1920,2019-11-01,Dijon,Paris FC,6,5,False
F1,1920,2019-11-02,Marseille,Lille,6,7,False
F1,1920,2019-11-02,Amiens,Brest,6,7,False
F1,1920,2019-11-02,Angers,Strasbourg,7,7,False
F1,1920,2019-11-02,Metz,Montpellier,7,7,False
F1,1920,2019-11-02,Toulouse,Lyon,6,7,False
F1,1920,2019-11-03,Bordeaux,Nantes,8,9,False
F1,1920,2019-11-03,Nice,Reims,8,8,False
F1,1920,2019-11-03,St Etienne,Monaco,7,9,False
F1,1920,2019-11-08,Nice,Bordeaux,5,5,False
F1,1920,2019-11-09,Brest,Paris FC,7,8,False
F1,1920,2019-11-09,Lille,Metz,7,7,False
F1,1920,2019-11-09,Monaco,Dijon,6,8,False
F1,1920,2019-11-09,Reims,Angers,6,7,False
F1,1920,2019-11-09,Strasbourg,Nimes,7,14,False
F1,1920,2019-11-10,Rennes,Amiens,14,8,False
F1,1920,2019-11-10,Montpellier,Toulouse,8,8,False
F1,1920,2019-11-10,Nantes,St Etienne,7,7,False
F1,1920,2019-11-10,Marseille,Lyon,8,8,False
F1,1920,2019-11-22,Paris FC,Lille,13,13,False
F1,1920,2019-11-23,Lyon,Nice,13,15,False
F1,1920,2019-11-23,Amiens,Strasbourg,13,14,False
F1,1920,2019-11-23,Angers,Nimes,14,14,False
F1,1920,2019-11-23,Brest,Nantes,14,13,False
F1,1920,2019-11-23,Dijon,Rennes,14,13,False
F1,1920,2019-11-23,Metz,Reims,14,14,False
F1,1920,2019-11-24,Bordeaux,Monaco,16,15,False
F1,1920,2019-11-24,St Etienne,Montpellier,14,14,False
F1,1920,2019-11-24,Toulouse,Marseille,14,14,False
F1,1920,2019-11-29,Marseille,Brest,5,6,False
F1,1920,2019-11-30,Strasbourg,Lyon,7,7,False
F1,1920,2019-11-30,Lille,Dijon,8,7,False
F1,1920,2019-11-30,Montpellier,Amiens,6,7,False
F1,1920,2019-11-30,Nice,Angers,7,7,False
F1,1920,2019-11-30,Nimes,Metz,7,7,False
F1,1920,2019-11-30,Reims,Bordeaux,7,6,False
F1,1920,2019-12-01,Nantes,Toulouse,8,7,False
F1,1920,2019-12-01,Rennes,St Etienne,8,7,False
F1,1920,2019-12-03,Angers,Marseille,3,4,True
F1,1920,2019-12-03,Bordeaux,Nimes,3,3,True
F1,1920,2019-12-03,Brest,Strasbourg,4,3,True
F1,1920,2019-12-03,Lyon,Lille,3,3,True
F1,1920,2019-12-04,Dijon,Montpellier,4,4,True
F1,1920,2019-12-04,Metz,Rennes,4,3,True
F1,1920,2019-12-04,St Etienne,Nice,3,4,True
F1,1920,2019-12-04,Toulouse,Monaco,3,10,True
F1,1920,2019-12-04,Paris FC,Nantes,12,3,True
F1,1920,2019-12-06,Lille,Brest,3,3,False
F1,1920,2019-12-06,Nimes,Lyon,3,3,False
F1,1920,2019-12-07,Montpellier,Paris FC,3,3,False
F1,1920,2019-12-07,Monaco,Amiens,3,7,False
F1,1920,2019-12-07,Nice,Metz,3,3,False
F1,1920,2019-12-07,Rennes,Angers,3,4,False
F1,1920,2019-12-07,Strasbourg,Toulouse,4,3,False
F1,1920,2019-12-08,Reims,St Etienne,8,4,False
F1,1920,2019-12-08,Nantes,Dijon,4,4,False
F1,1920,2019-12-08,Marseille,Bordeaux,5,5,False
F1,1920,2019-12-13,Lille,Montpellier,7,6,False
F1,1920,2019-12-14,Metz,Marseille,7,6,False
F1,1920,2019-12-14,Amiens,Dijon,7,6,False
F1,1920,2019-12-14,Angers,Monaco,7,7,False
F1,1920,2019-12-14,Brest,Nice,8,7,False
F1,1920,2019-12-14,Nimes,Nantes,8,6,False
F1,1920,2019-12-14,Toulouse,Reims,7,6,False
F1,1920,2019-12-15,Bordeaux,Strasbourg,7,8,False
F1,1920,2019-12-15,Lyon,Rennes,9,8,False
F1,1920,2019-12-15,St Etienne,Paris FC,7,8,False
F1,1920,2019-12-21,Dijon,Metz,7,7,False
F1,1920,2019-12-21,Marseille,Nimes,7,7,False
F1,1920,2019-12-21,Monaco,Lille,7,8,False
F1,1920,2019-12-21,Montpellier,Brest,8,7,False
F1,1920,2019-12-21,Nantes,Angers,7,7,False
F1,1920,2019-12-21,Nice,Toulouse,7,7,False
F1,1920,2019-12-21,Paris FC,Amiens,6,7,False
F1,1920,2019-12-21,Reims,Lyon,7,6,False
F1,1920,2019-12-21,Rennes,Bordeaux,6,6,False
F1,1920,2019-12-21,Strasbourg,St Etienne,6,6,False
F1,1920,2020-01-10,Rennes,Marseille,20,20,False
F1,1920,2020-01-11,Bordeaux,Lyon,21,21,False
F1,1920,2020-01-11,Amiens,Montpellier,21,21,False
F1,1920,2020-01-11,Angers,Nice,21,21,False
F1,1920,2020-01-11,Metz,Strasbourg,21,21,False
F1,1920,2020-01-11,Nimes,Reims,21,21,False
F1,1920,2020-01-11,Toulouse,Brest,21,21,False
F1,1920,2020-01-12,St Etienne,Nantes,22,22,False
F1,1920,2020-01-12,Dijon,Lille,22,22,False
F1,1920,2020-01-12,Paris FC,Monaco,22,22,False
F1,1920,2020-01-15,Amiens,Reims,4,4,True
F1,1920,2020-01-15,Nimes,Rennes,4,5,True
F1,1920,2020-01-15,Monaco,Paris FC,3,3,True
F1,1920,2020-01-24,Nice,Rennes,13,9,False
F1,1920,2020-01-25,Marseille,Angers,15,14,False
F1,1920,2020-01-25,Brest,Amiens,14,10,False
F1,1920,2020-01-25,Monaco,Strasbourg,10,14,False
F1,1920,2020-01-25,Montpellier,Dijon,14,13,False
F1,1920,2020-01-25,Reims,Metz,10,14,False
F1,1920,2020-01-25,St Etienne,Nimes,13,10,False
F1,1920,2020-01-26,Lyon,Toulouse,15,15,False
F1,1920,2020-01-26,Nantes,Bordeaux,14,15,False
F1,1920,2020-01-26,Lille,Paris FC,14,11,False
F1,1920,2020-01-31,Rennes,Nantes,7,5,False
F1,1920,2020-02-01,Paris FC,Montpellier,6,7,False
F1,1920,2020-02-01,Amiens,Toulouse,7,6,False
F1,1920,2020-02-01,Angers,Reims,7,7,False
F1,1920,2020-02-01,Dijon,Brest,7,7,False
F1,1920,2020-02-01,Nimes,Monaco,7,7,False
F1,1920,2020-02-01,Strasbourg,Lille,7,6,False
F1,1920,2020-02-02,Nice,Lyon,9,7,False
F1,1920,2020-02-02,Metz,St Etienne,8,8,False
F1,1920,2020-02-02,Bordeaux,Marseille,7,8,False
F1,1920,2020-02-04,Lille,Rennes,3,4,True
F1,1920,2020-02-04,Monaco,Angers,3,3,True
F1,1920,2020-02-04,Nantes,Paris FC,4,3,True
F1,1920,2020-02-05,Brest,Bordeaux,4,3,True
F1,1920,2020-02-05,Lyon,Amiens,3,4,True
F1,1920,2020-02-05,Montpellier,Metz,4,3,True
F1,1920,2020-02-05,Nimes,Dijon,4,4,True
F1,1920,2020-02-05,Reims,Nice,4,3,True
F1,1920,2020-02-05,Toulouse,Strasbourg,4,4,True
F1,1920,2020-02-05,St Etienne,Marseille,3,3,True
F1,1920,2020-02-07,Angers,Lille,3,3,False
F1,1920,2020-02-08,Marseille,Toulouse,3,3,False
F1,1920,2020-02-08,Amiens,Monaco,3,4,False
F1,1920,2020-02-08,Dijon,Nantes,3,4,False
F1,1920,2020-02-08,Metz,Bordeaux,3,3,False
F1,1920,2020-02-08,Nice,Nimes,3,3,False
F1,1920,2020-02-08,Rennes,Brest,4,3,False
F1,1920,2020-02-09,Montpellier,St Etienne,4,4,False
F1,1920,2020-02-09,Strasbourg,Reims,4,4,False
F1,1920,2020-02-09,Paris FC,Lyon,5,4,False
F1,1920,2020-02-14,Monaco,Montpellier,6,5,False
F1,1920,2020-02-15,Amiens,Paris FC,7,6,False
F1,1920,2020-02-15,Bordeaux,Dijon,7,7,False
F1,1920,2020-02-15,Nantes,Metz,7,7,False
F1,1920,2020-02-15,Nimes,Angers,7,8,False
F1,1920,2020-02-15,Toulouse,Nice,7,7,False
F1,1920,2020-02-16,Lyon,Strasbourg,7,7,False
F1,1920,2020-02-16,Brest,St Etienne,8,7,False
F1,1920,2020-02-16,Reims,Rennes,7,8,False
F1,1920,2020-02-16,Lille,Marseille,9,8,False
F1,1920,2020-02-21,Nice,Brest,6,5,False
F1,1920,2020-02-21,Metz,Lyon,6,5,False
F1,1920,2020-02-22,Marseille,Nantes,6,7,False
F1,1920,2020-02-22,Angers,Montpellier,7,8,False
F1,1920,2020-02-22,Dijon,Monaco,7,8,False
F1,1920,2020-02-22,Lille,Toulouse,6,7,False
F1,1920,2020-02-22,Strasbourg,Amiens,6,7,False
F1,1920,2020-02-23,St Etienne,Reims,7,7,False
F1,1920,2020-02-23,Rennes,Nimes,7,8,False
F1,1920,2020-02-23,Paris FC,Bordeaux,8,8,False
F1,1920,2020-02-28,Nimes,Marseille,5,6,False
F1,1920,2020-02-29,Paris FC,Dijon,6,7,False
F1,1920,2020-02-29,Amiens,Metz,7,8,False
F1,1920,2020-02-29,Brest,Angers,8,7,False
F1,1920,2020-02-29,Monaco,Reims,7,6,False
F1,1920,2020-02-29,Montpellier,Strasbourg,7,7,False
F1,1920,2020-02-29,Toulouse,Rennes,7,6,False
F1,1920,2020-03-01,Nantes,Lille,8,8,False
F1,1920,2020-03-01,Bordeaux,Nice,7,9,False
F1,1920,2020-03-01,Lyon,St Etienne,9,7,False
F1,1920,2020-03-06,Marseille,Amiens,7,6,False
F1,1920,2020-03-07,Angers,Nantes,7,6,False
F1,1920,2020-03-07,Dijon,Toulouse,7,7,False
F1,1920,2020-03-07,Metz,Nimes,7,8,False
F1,1920,2020-03-07,Nice,Monaco,6,7,False
F1,1920,2020-03-07,Reims,Brest,7,7,False
F1,1920,2020-03-08,St Etienne,Bordeaux,7,7,False
F1,1920,2020-03-08,Rennes,Montpellier,8,8,False
F1,1920,2020-03-08,Lille,Lyon,7,7,False
