league_code,season,match_date,home_team,away_team,home_rest_days,away_rest_days,is_midweek
E3,2425,2024-08-09,Chesterfield,Swindon,7,104,False
E3,2425,2024-08-10,Gillingham,Carlisle,105,460,False
E3,2425,2024-08-10,Milton Keynes Dons,Bradford,105,105,False
E3,2425,2024-08-10,Salford,Port Vale,105,826,False
E3,2425,2024-08-10,Walsall,Morecambe,105,105,False
E3,2425,2024-08-10,Doncaster,Accrington,105,105,False
E3,2425,2024-08-10,Barrow,Crewe,105,105,False
E3,2425,2024-08-10,Harrogate,Bromley,105,7,False
E3,2425,2024-08-10,Fleetwood Town,Grimsby,7,105,False
E3,2425,2024-08-10,Cheltenham,Newport County,1190,105,False
E3,2425,2024-08-10,AFC Wimbledon,Colchester,105,105,False
E3,2425,2024-08-10,Tranmere,Newport County,105,105,False
E3,2425,2024-08-17,Grimsby,Cheltenham,7,7,False
E3,2425,2024-08-17,Morecambe,Gillingham,7,7,False
E3,2425,2024-08-17,Newport County,Doncaster,7,7,False
E3,2425,2024-08-17,Port Vale,Tranmere,7,7,False
E3,2425,2024-08-17,Swindon,Walsall,8,7,False
E3,2425,2024-08-17,Crewe,Chesterfield,7,8,False
E3,2425,2024-08-17,Colchester,Milton Keynes Dons,7,7,False
E3,2425,2024-08-17,Bradford,Salford,7,7,False
E3,2425,2024-08-17,Accrington,Harrogate,7,7,False
E3,2425,2024-08-17,Bromley,AFC Wimbledon,7,7,False
E3,2425,2024-08-17,Carlisle,Barrow,7,7,False
E3,2425,2024-08-18,Newport County,Fleetwood Town,1,8,False
E3,2425,2024-08-22,Newport County,Grimsby,4,5,True
E3,2425,2024-08-24,Colchester,Harrogate,7,7,False
E3,2425,2024-08-24,Doncaster,Morecambe,7,7,False
E3,2425,2024-08-24,Fleetwood Town,Gillingham,6,7,False
E3,2425,2024-08-24,Milton Keynes Dons,Carlisle,7,7,False
E3,2425,2024-08-24,Newport County,Accrington,2,7,False
E3,2425,2024-08-24,Crewe,Swindon,7,7,False
E3,2425,2024-08-24,Tranmere,Walsall,7,7,False
E3,2425,2024-08-24,Barrow,Port Vale,7,7,False
E3,2425,2024-08-24,Cheltenham,AFC Wimbledon,7,7,False
E3,2425,2024-08-24,Bradford,Bromley,7,7,False
E3,2425,2024-08-24,Chesterfield,Salford,7,7,False
E3,2425,2024-08-31,Carlisle,Tranmere,7,7,False
E3,2425,2024-08-31,Gillingham,Chesterfield,7,7,False
E3,2425,2024-08-31,Port Vale,Doncaster,7,7,False
E3,2425,2024-08-31,Accrington,Colchester,7,7,False
E3,2425,2024-08-31,AFC Wimbledon,Fleetwood Town,7,7,False
E3,2425,2024-08-31,Bromley,Crewe,7,7,False
E3,2425,2024-08-31,Grimsby,Bradford,9,7,False
E3,2425,2024-08-31,Harrogate,Barrow,7,7,False
E3,2425,2024-08-31,Morecambe,Newport County,7,7,False
E3,2425,2024-08-31,Swindon,Newport County,7,7,False
E3,2425,2024-08-31,Walsall,Cheltenham,7,7,False
E3,2425,2024-09-02,Salford,Milton Keynes Dons,9,9,False
E3,2425,2024-09-07,Doncaster,Gillingham,7,7,False
E3,2425,2024-09-07,Milton Keynes Dons,Walsall,5,7,False
E3,2425,2024-09-07,Newport County,Port Vale,7,7,False
E3,2425,2024-09-07,Newport County,Accrington,7,7,False
E3,2425,2024-09-07,Crewe,Morecambe,7,7,False
E3,2425,2024-09-07,Colchester,Bromley,7,7,False
E3,2425,2024-09-07,Chesterfield,Grimsby,7,7,False
E3,2425,2024-09-07,Cheltenham,Harrogate,7,7,False
E3,2425,2024-09-07,Bradford,Carlisle,7,7,False
E3,2425,2024-09-07,Barrow,Swindon,7,7,False
E3,2425,2024-09-12,Harrogate,Doncaster,5,5,True
E3,2425,2024-09-14,Grimsby,Barrow,7,7,False
E3,2425,2024-09-14,Morecambe,Colchester,7,7,False
E3,2425,2024-09-14,Port Vale,Chesterfield,7,7,False
E3,2425,2024-09-14,Salford,Cheltenham,12,7,False
E3,2425,2024-09-14,Walsall,Bradford,7,7,False
E3,2425,2024-09-14,AFC Wimbledon,Milton Keynes Dons,14,7,False
E3,2425,2024-09-14,Swindon,Newport County,7,7,False
E3,2425,2024-09-14,Accrington,Crewe,7,7,False
E3,2425,2024-09-14,Bromley,Newport County,7,7,False
E3,2425,2024-09-14,Gillingham,Tranmere,7,14,False
E3,2425,2024-09-14,Carlisle,Fleetwood Town,7,14,False
E3,2425,2024-09-21,Crewe,Harrogate,7,9,False
E3,2425,2024-09-21,Accrington,Port Vale,7,7,False
E3,2425,2024-09-21,Chesterfield,Cheltenham,7,7,False
E3,2425,2024-09-21,Barrow,Newport County,7,7,False
E3,2425,2024-09-21,Bradford,AFC Wimbledon,7,7,False
E3,2425,2024-09-21,Colchester,Tranmere,7,7,False
E3,2425,2024-09-21,Grimsby,Bromley,7,7,False
E3,2425,2024-09-21,Milton Keynes Dons,Doncaster,7,9,False
E3,2425,2024-09-21,Newport County,Gillingham,7,7,False
E3,2425,2024-09-21,Salford,Walsall,7,7,False
E3,2425,2024-09-21,Swindon,Carlisle,7,7,False
E3,2425,2024-09-23,Fleetwood Town,Morecambe,9,9,False
E3,2425,2024-09-27,Tranmere,Salford,6,6,False
E3,2425,2024-09-28,Gillingham,Barrow,7,7,False
E3,2425,2024-09-28,Morecambe,Newport County,5,7,False
E3,2425,2024-09-28,Newport County,Crewe,7,7,False
E3,2425,2024-09-28,Port Vale,Swindon,7,7,False
E3,2425,2024-09-28,Carlisle,Grimsby,7,7,False
E3,2425,2024-09-28,Doncaster,Chesterfield,7,7,False
E3,2425,2024-09-28,Cheltenham,Fleetwood Town,7,5,False
E3,2425,2024-09-28,Harrogate,Bradford,7,7,False
E3,2425,2024-09-28,Walsall,Colchester,7,7,False
E3,2425,2024-09-28,Bromley,Milton Keynes Dons,7,7,False
E3,2425,2024-10-01,Morecambe,Bradford,3,3,True
E3,2425,2024-10-01,Newport County,Salford,3,4,True
E3,2425,2024-10-01,Port Vale,Colchester,3,3,True
E3,2425,2024-10-01,Tranmere,Swindon,4,3,True
E3,2425,2024-10-01,Walsall,Fleetwood Town,3,3,True
E3,2425,2024-10-01,Bromley,Chesterfield,3,3,True
E3,2425,2024-10-01,Carlisle,Newport County,3,3,True
E3,2425,2024-10-01,Cheltenham,Accrington,3,10,True
E3,2425,2024-10-01,Doncaster,Barrow,3,3,True
E3,2425,2024-10-01,Gillingham,Grimsby,3,3,True
E3,2425,2024-10-01,Harrogate,Milton Keynes Dons,3,3,True
E3,2425,2024-10-05,Crewe,Gillingham,7,4,False
E3,2425,2024-10-05,Milton Keynes Dons,Tranmere,4,4,False
E3,2425,2024-10-05,Newport County,Port Vale,4,4,False
E3,2425,2024-10-05,Salford,AFC Wimbledon,4,14,False
E3,2425,2024-10-05,Swindon,Harrogate,4,4,False
E3,2425,2024-10-05,Fleetwood Town,Bromley,4,4,False
E3,2425,2024-10-05,Grimsby,Doncaster,4,4,False
E3,2425,2024-10-05,Accrington,Morecambe,4,4,False
E3,2425,2024-10-05,Barrow,Cheltenham,4,4,False
E3,2425,2024-10-05,Chesterfield,Walsall,4,4,False
E3,2425,2024-10-05,Colchester,Carlisle,4,4,False
E3,2425,2024-10-07,Bradford,Newport County,6,2,False
E3,2425,2024-10-12,Harrogate,Newport County,7,5,False
E3,2425,2024-10-12,Milton Keynes Dons,Port Vale,7,7,False
E3,2425,2024-10-12,Salford,Grimsby,7,7,False
E3,2425,2024-10-12,Tranmere,Bradford,7,5,False
E3,2425,2024-10-12,Gillingham,Accrington,7,7,False
E3,2425,2024-10-12,Doncaster,Crewe,7,7,False
E3,2425,2024-10-12,Cheltenham,Swindon,7,7,False
E3,2425,2024-10-12,Barrow,Morecambe,7,7,False
E3,2425,2024-10-12,AFC Wimbledon,Carlisle,7,7,False
E3,2425,2024-10-12,Chesterfield,Newport County,7,5,False
E3,2425,2024-10-18,Newport County,Chesterfield,6,6,False
E3,2425,2024-10-19,Grimsby,Walsall,7,14,False
E3,2425,2024-10-19,Morecambe,Milton Keynes Dons,7,7,False
E3,2425,2024-10-19,Newport County,AFC Wimbledon,1,7,False
E3,2425,2024-10-19,Port Vale,Fleetwood Town,7,14,False
E3,2425,2024-10-19,Swindon,Doncaster,7,7,False
E3,2425,2024-10-19,Accrington,Barrow,7,7,False
E3,2425,2024-10-19,Bradford,Gillingham,7,7,False
E3,2425,2024-10-19,Bromley,Tranmere,14,7,False
E3,2425,2024-10-19,Carlisle,Harrogate,7,7,False
E3,2425,2024-10-19,Crewe,Salford,7,7,False
E3,2425,2024-10-19,Colchester,Cheltenham,14,7,False
E3,2425,2024-10-22,Harrogate,Port Vale,3,3,True
E3,2425,2024-10-22,AFC Wimbledon,Morecambe,3,3,True
E3,2425,2024-10-22,Barrow,Newport County,3,3,True
E3,2425,2024-10-22,Cheltenham,Bradford,3,3,True
E3,2425,2024-10-22,Chesterfield,Colchester,4,3,True
E3,2425,2024-10-22,Doncaster,Bromley,3,3,True
E3,2425,2024-10-22,Fleetwood Town,Crewe,3,3,True
E3,2425,2024-10-22,Gillingham,Newport County,3,3,True
E3,2425,2024-10-22,Milton Keynes Dons,Accrington,3,3,True
E3,2425,2024-10-22,Salford,Swindon,3,3,True
E3,2425,2024-10-22,Tranmere,Grimsby,3,3,True
E3,2425,2024-10-22,Walsall,Carlisle,3,3,True
E3,2425,2024-10-26,Morecambe,Chesterfield,4,4,False
E3,2425,2024-10-26,Swindon,Gillingham,4,4,False
E3,2425,2024-10-26,Port Vale,AFC Wimbledon,4,4,False
E3,2425,2024-10-26,Newport County,Harrogate,4,4,False
E3,2425,2024-10-26,Newport County,Fleetwood Town,4,4,False
E3,2425,2024-10-26,Crewe,Tranmere,4,4,False
E3,2425,2024-10-26,Grimsby,Milton Keynes Dons,4,4,False
E3,2425,2024-10-26,Accrington,Walsall,4,4,False
E3,2425,2024-10-26,Bradford,Doncaster,4,4,False
E3,2425,2024-10-26,Bromley,Barrow,4,4,False
E3,2425,2024-10-26,Carlisle,Cheltenham,4,4,False
E3,2425,2024-10-26,Colchester,Salford,4,4,False
E3,2425,2024-10-29,Fleetwood Town,Salford,3,3,True
E3,2425,2024-11-09,Doncaster,Newport County,14,14,False
E3,2425,2024-11-09,Fleetwood Town,Bradford,11,14,False
E3,2425,2024-11-09,Gillingham,Port Vale,14,14,False
E3,2425,2024-11-09,Milton Keynes Dons,Swindon,14,14,False
E3,2425,2024-11-09,Tranmere,Newport County,14,14,False
E3,2425,2024-11-09,Walsall,Crewe,14,14,False
E3,2425,2024-11-09,Chesterfield,Accrington,14,14,False
E3,2425,2024-11-09,Harrogate,Morecambe,14,14,False
E3,2425,2024-11-09,Salford,Carlisle,11,14,False
E3,2425,2024-11-09,AFC Wimbledon,Grimsby,14,14,False
E3,2425,2024-11-09,Barrow,Colchester,14,14,False
E3,2425,2024-11-09,Cheltenham,Bromley,14,14,False
E3,2425,2024-11-16,Doncaster,Salford,7,7,False
E3,2425,2024-11-16,Milton Keynes Dons,Cheltenham,7,7,False
E3,2425,2024-11-16,Morecambe,Port Vale,7,7,False
E3,2425,2024-11-16,Newport County,Grimsby,7,7,False
E3,2425,2024-11-16,Crewe,Newport County,7,7,False
E3,2425,2024-11-16,Harrogate,Chesterfield,7,7,False
E3,2425,2024-11-16,Accrington,Swindon,7,7,False
E3,2425,2024-11-16,Barrow,AFC Wimbledon,7,7,False
E3,2425,2024-11-16,Bromley,Carlisle,7,7,False
E3,2425,2024-11-16,Colchester,Bradford,7,7,False
E3,2425,2024-11-19,AFC Wimbledon,Accrington,3,3,True
E3,2425,2024-11-22,Cheltenham,Tranmere,6,13,False
E3,2425,2024-11-23,Carlisle,Doncaster,7,7,False
E3,2425,2024-11-23,Grimsby,Colchester,7,7,False
E3,2425,2024-11-23,Newport County,Newport County,7,7,False
E3,2425,2024-11-23,AFC Wimbledon,Walsall,4,14,False
E3,2425,2024-11-23,Chesterfield,Barrow,7,7,False
E3,2425,2024-11-23,Gillingham,Harrogate,14,7,False
E3,2425,2024-11-23,Swindon,Morecambe,7,7,False
E3,2425,2024-11-25,Port Vale,Crewe,9,9,False
E3,2425,2024-11-26,Tranmere,AFC Wimbledon,4,3,True
E3,2425,2024-11-26,Walsall,Bromley,3,10,True
E3,2425,2024-11-30,Carlisle,Crewe,7,5,False
E3,2425,2024-11-30,Fleetwood Town,Colchester,21,7,False
E3,2425,2024-12-03,Salford,Harrogate,17,10,True
E3,2425,2024-12-03,Tranmere,Morecambe,7,10,True
E3,2425,2024-12-03,Walsall,Newport County,7,10,True
E3,2425,2024-12-03,Bradford,Barrow,17,10,True
E3,2425,2024-12-03,Cheltenham,Port Vale,11,8,True
E3,2425,2024-12-03,Colchester,Swindon,3,10,True
E3,2425,2024-12-03,Grimsby,Accrington,10,14,True
E3,2425,2024-12-03,Milton Keynes Dons,Chesterfield,17,10,True
E3,2425,2024-12-03,AFC Wimbledon,Newport County,7,10,True
E3,2425,2024-12-04,Fleetwood Town,Doncaster,4,11,True
E3,2425,2024-12-04,Bromley,Gillingham,8,11,True
E3,2425,2024-12-07,Harrogate,AFC Wimbledon,4,4,False
E3,2425,2024-12-07,Morecambe,Grimsby,4,4,False
E3,2425,2024-12-07,Swindon,Fleetwood Town,4,3,False
E3,2425,2024-12-07,Accrington,Bromley,4,3,False
E3,2425,2024-12-07,Port Vale,Walsall,4,4,False
E3,2425,2024-12-07,Crewe,Bradford,7,4,False
E3,2425,2024-12-07,Doncaster,Cheltenham,3,4,False
E3,2425,2024-12-07,Chesterfield,Tranmere,4,4,False
E3,2425,2024-12-07,Gillingham,Salford,3,4,False
E3,2425,2024-12-14,Tranmere,Harrogate,7,7,False
E3,2425,2024-12-14,Salford,Newport County,7,11,False
E3,2425,2024-12-14,AFC Wimbledon,Doncaster,7,7,False
E3,2425,2024-12-14,Bradford,Swindon,7,7,False
E3,2425,2024-12-14,Bromley,Port Vale,7,7,False
E3,2425,2024-12-14,Carlisle,Chesterfield,14,7,False
E3,2425,2024-12-14,Cheltenham,Morecambe,7,7,False
E3,2425,2024-12-14,Colchester,Newport County,11,11,False
E3,2425,2024-12-14,Grimsby,Crewe,7,7,False
E3,2425,2024-12-14,Milton Keynes Dons,Gillingham,11,7,False
E3,2425,2024-12-14,Walsall,Barrow,7,11,False
E3,2425,2024-12-16,Fleetwood Town,Accrington,9,9,False
E3,2425,2024-12-20,Gillingham,Cheltenham,6,6,False
E3,2425,2024-12-20,Crewe,Colchester,6,6,False
E3,2425,2024-12-21,Swindon,Grimsby,7,7,False
E3,2425,2024-12-21,Barrow,Fleetwood Town,7,5,False
E3,2425,2024-12-21,Doncaster,Tranmere,7,7,False
E3,2425,2024-12-21,Accrington,Salford,5,7,False
E3,2425,2024-12-21,Chesterfield,AFC Wimbledon,7,7,False
E3,2425,2024-12-21,Harrogate,Walsall,7,7,False
E3,2425,2024-12-21,Morecambe,Bromley,7,7,False
E3,2425,2024-12-21,Newport County,Milton Keynes Dons,7,7,False
E3,2425,2024-12-21,Newport County,Bradford,7,7,False
E3,2425,2024-12-21,Port Vale,Carlisle,7,7,False
E3,2425,2024-12-26,Fleetwood Town,Chesterfield,5,5,True
E3,2425,2024-12-26,Grimsby,Harrogate,5,5,True
E3,2425,2024-12-26,Carlisle,Morecambe,5,5,True
E3,2425,2024-12-26,Bromley,Newport County,5,5,True
E3,2425,2024-12-26,Bradford,Port Vale,5,5,True
E3,2425,2024-12-26,AFC Wimbledon,Swindon,5,5,True
E3,2425,2024-12-26,Milton Keynes Dons,Newport County,5,5,True
E3,2425,2024-12-26,Salford,Barrow,5,5,True
E3,2425,2024-12-26,Walsall,Doncaster,5,5,True
E3,2425,2024-12-26,Cheltenham,Crewe,6,6,True
E3,2425,2024-12-26,Colchester,Gillingham,6,6,True
E3,2425,2024-12-29,Bromley,Swindon,3,3,False
E3,2425,2024-12-29,Carlisle,Accrington,3,8,False
E3,2425,2024-12-29,Bradford,Chesterfield,3,3,False
E3,2425,2024-12-29,Cheltenham,Newport County,3,3,False
E3,2425,2024-12-29,Colchester,Doncaster,3,3,False
E3,2425,2024-12-29,Fleetwood Town,Harrogate,3,3,False
E3,2425,2024-12-29,Grimsby,Port Vale,3,3,False
E3,2425,2024-12-29,Milton Keynes Dons,Crewe,3,3,False
E3,2425,2024-12-29,Salford,Morecambe,3,3,False
E3,2425,2024-12-29,Tranmere,Barrow,8,3,False
E3,2425,2024-12-29,Walsall,Newport County,3,3,False
E3,2425,2024-12-30,AFC Wimbledon,Gillingham,4,4,False
E3,2425,2025-01-01,Morecambe,Tranmere,3,3,True
E3,2425,2025-01-01,Newport County,Walsall,3,3,True
E3,2425,2025-01-01,Port Vale,Cheltenham,3,3,True
E3,2425,2025-01-01,Swindon,Colchester,3,3,True
E3,2425,2025-01-01,Harrogate,Salford,3,3,True
E3,2425,2025-01-01,Barrow,Bradford,3,3,True
E3,2425,2025-01-01,Accrington,Grimsby,3,3,True
E3,2425,2025-01-01,Doncaster,Fleetwood Town,3,3,True
E3,2425,2025-01-01,Crewe,Carlisle,3,3,True
E3,2425,2025-01-01,Chesterfield,Milton Keynes Dons,3,3,True
E3,2425,2025-01-02,Newport County,AFC Wimbledon,1,3,True
E3,2425,2025-01-02,Gillingham,Bromley,3,4,True
E3,2425,2025-01-04,Doncaster,Port Vale,3,3,False
E3,2425,2025-01-04,Newport County,Swindon,2,3,False
E3,2425,2025-01-04,Bradford,Grimsby,3,3,False
E3,2425,2025-01-04,Barrow,Harrogate,3,3,False
E3,2425,2025-01-04,Colchester,Accrington,3,3,False
E3,2425,2025-01-04,Milton Keynes Dons,Salford,3,3,False
E3,2425,2025-01-04,Tranmere,Carlisle,3,3,False
E3,2425,2025-01-05,Crewe,Bromley,4,3,False
E3,2425,2025-01-11,Walsall,Tranmere,10,7,False
E3,2425,2025-01-11,Swindon,Crewe,7,6,False
E3,2425,2025-01-17,Harrogate,Cheltenham,13,16,False
E3,2425,2025-01-18,Salford,Fleetwood Town,14,17,False
E3,2425,2025-01-18,Port Vale,Newport County,14,14,False
E3,2425,2025-01-18,Gillingham,Doncaster,16,14,False
E3,2425,2025-01-18,Carlisle,Bradford,14,14,False
E3,2425,2025-01-18,Grimsby,Chesterfield,14,17,False
E3,2425,2025-01-18,Bromley,Colchester,13,14,False
E3,2425,2025-01-18,AFC Wimbledon,Tranmere,16,7,False
E3,2425,2025-01-18,Accrington,Newport County,14,14,False
E3,2425,2025-01-18,Swindon,Barrow,7,14,False
E3,2425,2025-01-18,Walsall,Milton Keynes Dons,7,14,False
E3,2425,2025-01-18,Morecambe,Crewe,17,7,False
E3,2425,2025-01-21,Fleetwood Town,Milton Keynes Dons,3,3,True
E3,2425,2025-01-21,Harrogate,Colchester,4,3,True
E3,2425,2025-01-24,Newport County,Swindon,6,6,False
E3,2425,2025-01-25,Crewe,Accrington,7,7,False
E3,2425,2025-01-25,Doncaster,Harrogate,7,4,False
E3,2425,2025-01-25,Fleetwood Town,Carlisle,4,7,False
E3,2425,2025-01-25,Newport County,Bromley,1,7,False
E3,2425,2025-01-25,Tranmere,Gillingham,7,7,False
E3,2425,2025-01-25,Cheltenham,Salford,8,7,False
E3,2425,2025-01-25,Chesterfield,Port Vale,7,7,False
E3,2425,2025-01-25,Colchester,Morecambe,4,7,False
E3,2425,2025-01-25,Bradford,Walsall,7,7,False
E3,2425,2025-01-25,Milton Keynes Dons,AFC Wimbledon,4,7,False
E3,2425,2025-01-25,Barrow,Grimsby,7,7,False
E3,2425,2025-01-28,Grimsby,Gillingham,3,3,True
E3,2425,2025-01-28,Newport County,Carlisle,3,3,True
E3,2425,2025-01-28,Salford,Newport County,3,3,True
E3,2425,2025-01-28,Swindon,Tranmere,4,3,True
E3,2425,2025-01-28,Milton Keynes Dons,Harrogate,3,3,True
E3,2425,2025-01-28,Chesterfield,Bromley,3,3,True
E3,2425,2025-01-28,Bradford,Morecambe,3,3,True
E3,2425,2025-01-28,Accrington,Cheltenham,3,3,True
E3,2425,2025-01-28,Crewe,AFC Wimbledon,3,3,True
E3,2425,2025-01-28,Fleetwood Town,Walsall,3,3,True
E3,2425,2025-01-29,Barrow,Doncaster,4,4,True
E3,2425,2025-02-01,Walsall,Salford,4,4,False
E3,2425,2025-02-01,Cheltenham,Chesterfield,4,4,False
E3,2425,2025-02-01,Gillingham,Newport County,4,4,False
E3,2425,2025-02-01,AFC Wimbledon,Bradford,4,4,False
E3,2425,2025-02-01,Bromley,Grimsby,4,4,False
E3,2425,2025-02-01,Carlisle,Swindon,4,4,False
E3,2425,2025-02-01,Doncaster,Milton Keynes Dons,3,4,False
E3,2425,2025-02-01,Harrogate,Crewe,4,4,False
E3,2425,2025-02-01,Morecambe,Fleetwood Town,4,4,False
E3,2425,2025-02-01,Newport County,Barrow,4,3,False
E3,2425,2025-02-01,Port Vale,Accrington,7,4,False
E3,2425,2025-02-01,Tranmere,Colchester,4,7,False
E3,2425,2025-02-04,Newport County,Morecambe,3,3,True
E3,2425,2025-02-04,Salford,Bromley,3,3,True
E3,2425,2025-02-06,Chesterfield,Doncaster,5,5,True
E3,2425,2025-02-08,Fleetwood Town,Cheltenham,7,7,False
E3,2425,2025-02-08,Grimsby,Carlisle,7,7,False
E3,2425,2025-02-08,Milton Keynes Dons,Bromley,7,4,False
E3,2425,2025-02-08,Newport County,Morecambe,4,4,False
E3,2425,2025-02-08,Salford,Tranmere,4,7,False
E3,2425,2025-02-08,Barrow,Gillingham,7,7,False
E3,2425,2025-02-08,Colchester,Walsall,7,7,False
E3,2425,2025-02-08,Crewe,Newport County,7,4,False
E3,2425,2025-02-08,Accrington,AFC Wimbledon,7,7,False
E3,2425,2025-02-08,Swindon,Port Vale,7,7,False
E3,2425,2025-02-08,Bradford,Harrogate,7,7,False
E3,2425,2025-02-11,AFC Wimbledon,Crewe,3,3,True
E3,2425,2025-02-11,Bradford,Accrington,3,3,True
E3,2425,2025-02-11,Barrow,Milton Keynes Dons,3,3,True
E3,2425,2025-02-11,Walsall,Gillingham,3,3,True
E3,2425,2025-02-11,Newport County,Carlisle,3,3,True
E3,2425,2025-02-11,Tranmere,Fleetwood Town,3,3,True
E3,2425,2025-02-13,Port Vale,Newport County,5,2,True
E3,2425,2025-02-15,Bromley,Fleetwood Town,7,4,False
E3,2425,2025-02-15,AFC Wimbledon,Salford,4,7,False
E3,2425,2025-02-15,Doncaster,Grimsby,9,7,False
E3,2425,2025-02-15,Carlisle,Colchester,4,7,False
E3,2425,2025-02-15,Cheltenham,Barrow,7,4,False
E3,2425,2025-02-15,Gillingham,Crewe,4,4,False
E3,2425,2025-02-15,Harrogate,Swindon,7,7,False
E3,2425,2025-02-15,Morecambe,Accrington,7,4,False
E3,2425,2025-02-15,Newport County,Bradford,2,4,False
E3,2425,2025-02-15,Tranmere,Milton Keynes Dons,4,4,False
E3,2425,2025-02-15,Walsall,Chesterfield,4,9,False
E3,2425,2025-02-18,Newport County,Colchester,3,3,True
E3,2425,2025-02-18,Morecambe,Doncaster,3,3,True
E3,2425,2025-02-18,Fleetwood Town,AFC Wimbledon,3,3,True
E3,2425,2025-02-22,Port Vale,Salford,9,7,False
E3,2425,2025-02-22,Swindon,Chesterfield,7,7,False
E3,2425,2025-02-22,Bradford,Milton Keynes Dons,7,7,False
E3,2425,2025-02-22,Crewe,Barrow,7,7,False
E3,2425,2025-02-22,Morecambe,Walsall,4,7,False
E3,2425,2025-02-22,Accrington,Doncaster,7,4,False
E3,2425,2025-02-22,Bromley,Harrogate,7,7,False
E3,2425,2025-02-22,Carlisle,Gillingham,7,7,False
E3,2425,2025-02-22,Colchester,AFC Wimbledon,4,4,False
E3,2425,2025-02-22,Grimsby,Fleetwood Town,7,4,False
E3,2425,2025-02-22,Newport County,Cheltenham,4,7,False
E3,2425,2025-02-22,Newport County,Tranmere,4,7,False
E3,2425,2025-02-25,Cheltenham,Walsall,3,3,True
E3,2425,2025-02-25,Bromley,Bradford,3,3,True
E3,2425,2025-02-25,Tranmere,Accrington,3,3,True
E3,2425,2025-02-25,Gillingham,Fleetwood Town,3,3,True
E3,2425,2025-02-27,Barrow,Carlisle,5,5,True
E3,2425,2025-03-01,Fleetwood Town,Newport County,4,7,False
E3,2425,2025-03-01,Gillingham,Morecambe,4,7,False
E3,2425,2025-03-01,Harrogate,Accrington,7,4,False
E3,2425,2025-03-01,Milton Keynes Dons,Colchester,7,7,False
E3,2425,2025-03-01,Walsall,Swindon,4,7,False
E3,2425,2025-03-01,Tranmere,Port Vale,4,7,False
E3,2425,2025-03-01,Salford,Bradford,7,4,False
E3,2425,2025-03-01,AFC Wimbledon,Bromley,7,4,False
E3,2425,2025-03-01,Cheltenham,Grimsby,4,7,False
E3,2425,2025-03-01,Chesterfield,Crewe,7,7,False
E3,2425,2025-03-01,Doncaster,Newport County,7,7,False
E3,2425,2025-03-04,Newport County,Gillingham,3,3,True
E3,2425,2025-03-04,Accrington,Milton Keynes Dons,3,3,True
E3,2425,2025-03-04,Bradford,Cheltenham,3,3,True
E3,2425,2025-03-04,Bromley,Doncaster,3,3,True
E3,2425,2025-03-04,Carlisle,Walsall,5,3,True
E3,2425,2025-03-04,Colchester,Chesterfield,3,3,True
E3,2425,2025-03-04,Crewe,Fleetwood Town,3,3,True
E3,2425,2025-03-04,Grimsby,Tranmere,3,3,True
E3,2425,2025-03-04,Morecambe,AFC Wimbledon,3,3,True
E3,2425,2025-03-04,Newport County,Barrow,3,5,True
E3,2425,2025-03-04,Port Vale,Harrogate,3,3,True
E3,2425,2025-03-04,Swindon,Salford,3,3,True
E3,2425,2025-03-08,Fleetwood Town,Port Vale,4,4,False
E3,2425,2025-03-08,Gillingham,Bradford,4,4,False
E3,2425,2025-03-08,Harrogate,Carlisle,4,4,False
E3,2425,2025-03-08,Milton Keynes Dons,Morecambe,4,4,False
E3,2425,2025-03-08,Salford,Crewe,4,4,False
E3,2425,2025-03-08,Tranmere,Bromley,4,4,False
E3,2425,2025-03-08,Doncaster,Swindon,4,4,False
E3,2425,2025-03-08,Chesterfield,Newport County,4,4,False
E3,2425,2025-03-08,Cheltenham,Colchester,4,4,False
E3,2425,2025-03-08,Barrow,Accrington,4,4,False
E3,2425,2025-03-08,Walsall,Grimsby,4,4,False
E3,2425,2025-03-08,AFC Wimbledon,Newport County,4,4,False
E3,2425,2025-03-11,Accrington,Newport County,3,3,True
E3,2425,2025-03-11,AFC Wimbledon,Cheltenham,3,3,True
E3,2425,2025-03-11,Colchester,Port Vale,3,3,True
E3,2425,2025-03-11,Grimsby,Newport County,3,3,True
E3,2425,2025-03-11,Salford,Chesterfield,3,3,True
E3,2425,2025-03-13,Bromley,Walsall,5,5,True
E3,2425,2025-03-15,Bradford,Tranmere,7,7,False
E3,2425,2025-03-15,Carlisle,AFC Wimbledon,7,4,False
E3,2425,2025-03-15,Accrington,Gillingham,4,7,False
E3,2425,2025-03-15,Port Vale,Milton Keynes Dons,4,7,False
E3,2425,2025-03-15,Newport County,Chesterfield,4,4,False
E3,2425,2025-03-15,Colchester,Fleetwood Town,4,7,False
E3,2425,2025-03-15,Newport County,Harrogate,4,7,False
E3,2425,2025-03-15,Morecambe,Barrow,7,7,False
E3,2425,2025-03-15,Grimsby,Salford,4,4,False
E3,2425,2025-03-15,Crewe,Doncaster,7,7,False
E3,2425,2025-03-15,Swindon,Cheltenham,7,4,False
E3,2425,2025-03-22,Fleetwood Town,Tranmere,7,7,False
E3,2425,2025-03-22,Gillingham,Walsall,7,9,False
E3,2425,2025-03-22,Grimsby,Newport County,7,7,False
E3,2425,2025-03-22,Port Vale,Morecambe,7,7,False
E3,2425,2025-03-22,Swindon,Accrington,7,7,False
E3,2425,2025-03-22,Cheltenham,Milton Keynes Dons,7,7,False
E3,2425,2025-03-22,AFC Wimbledon,Barrow,7,7,False
E3,2425,2025-03-22,Bradford,Colchester,7,7,False
E3,2425,2025-03-22,Carlisle,Bromley,7,9,False
E3,2425,2025-03-22,Newport County,Crewe,7,7,False
E3,2425,2025-03-22,Chesterfield,Harrogate,7,7,False
E3,2425,2025-03-25,Port Vale,Barrow,3,3,True
E3,2425,2025-03-25,Carlisle,Milton Keynes Dons,3,3,True
E3,2425,2025-03-28,Colchester,Grimsby,6,6,False
E3,2425,2025-03-28,Tranmere,Cheltenham,6,6,False
E3,2425,2025-03-29,Milton Keynes Dons,Fleetwood Town,4,7,False
E3,2425,2025-03-29,Morecambe,Swindon,7,7,False
E3,2425,2025-03-29,Walsall,AFC Wimbledon,7,7,False
E3,2425,2025-03-29,Newport County,Newport County,7,7,False
E3,2425,2025-03-29,Accrington,Bradford,7,7,False
E3,2425,2025-03-29,Barrow,Chesterfield,4,7,False
E3,2425,2025-03-29,Crewe,Port Vale,7,4,False
E3,2425,2025-03-29,Bromley,Salford,7,14,False
E3,2425,2025-03-29,Doncaster,Carlisle,14,4,False
E3,2425,2025-03-29,Harrogate,Gillingham,7,7,False
E3,2425,2025-04-01,Port Vale,Bradford,3,3,True
E3,2425,2025-04-01,Accrington,Fleetwood Town,3,3,True
E3,2425,2025-04-01,Barrow,Salford,3,3,True
E3,2425,2025-04-01,Chesterfield,Carlisle,3,3,True
E3,2425,2025-04-01,Crewe,Grimsby,3,4,True
E3,2425,2025-04-01,Doncaster,Walsall,3,3,True
E3,2425,2025-04-01,Gillingham,Colchester,3,4,True
E3,2425,2025-04-01,Harrogate,Tranmere,3,4,True
E3,2425,2025-04-01,Morecambe,Cheltenham,3,4,True
E3,2425,2025-04-01,Newport County,Bromley,3,3,True
E3,2425,2025-04-01,Swindon,AFC Wimbledon,3,3,True
E3,2425,2025-04-02,Newport County,Milton Keynes Dons,1,4,True
E3,2425,2025-04-05,Carlisle,Newport County,4,3,False
E3,2425,2025-04-05,Colchester,Newport County,4,3,False
E3,2425,2025-04-05,Fleetwood Town,Swindon,4,4,False
E3,2425,2025-04-05,Grimsby,Morecambe,4,4,False
E3,2425,2025-04-05,Milton Keynes Dons,Barrow,3,4,False
E3,2425,2025-04-05,Salford,Gillingham,4,4,False
E3,2425,2025-04-05,Bromley,Accrington,4,4,False
E3,2425,2025-04-05,Tranmere,Chesterfield,4,4,False
E3,2425,2025-04-05,Walsall,Port Vale,4,4,False
E3,2425,2025-04-05,Cheltenham,Doncaster,4,4,False
E3,2425,2025-04-05,Bradford,Crewe,4,4,False
E3,2425,2025-04-05,AFC Wimbledon,Harrogate,4,4,False
E3,2425,2025-04-08,Chesterfield,Gillingham,3,3,True
E3,2425,2025-04-10,Crewe,Cheltenham,5,5,True
E3,2425,2025-04-11,Newport County,Salford,6,6,False
E3,2425,2025-04-12,Barrow,Walsall,7,7,False
E3,2425,2025-04-12,Doncaster,AFC Wimbledon,7,7,False
E3,2425,2025-04-12,Swindon,Bradford,7,7,False
E3,2425,2025-04-12,Accrington,Tranmere,7,7,False
E3,2425,2025-04-12,Chesterfield,Fleetwood Town,4,7,False
E3,2425,2025-04-12,Gillingham,Milton Keynes Dons,4,7,False
E3,2425,2025-04-12,Harrogate,Grimsby,7,7,False
E3,2425,2025-04-12,Morecambe,Carlisle,7,7,False
E3,2425,2025-04-12,Newport County,Colchester,1,7,False
E3,2425,2025-04-12,Port Vale,Bromley,7,7,False
E3,2425,2025-04-15,Salford,Doncaster,4,3,True
E3,2425,2025-04-17,Bradford,Newport County,5,5,True
E3,2425,2025-04-18,AFC Wimbledon,Chesterfield,6,6,False
E3,2425,2025-04-18,Bromley,Morecambe,6,6,False
E3,2425,2025-04-18,Carlisle,Port Vale,6,6,False
E3,2425,2025-04-18,Cheltenham,Gillingham,8,6,False
E3,2425,2025-04-18,Fleetwood Town,Barrow,6,6,False
E3,2425,2025-04-18,Grimsby,Swindon,6,6,False
E3,2425,2025-04-18,Milton Keynes Dons,Newport County,6,1,False
E3,2425,2025-04-18,Salford,Accrington,3,6,False
E3,2425,2025-04-18,Tranmere,Doncaster,6,3,False
E3,2425,2025-04-18,Walsall,Harrogate,6,6,False
E3,2425,2025-04-18,Colchester,Crewe,6,8,False
E3,2425,2025-04-21,Doncaster,Colchester,3,3,False
E3,2425,2025-04-21,Accrington,Carlisle,3,3,False
E3,2425,2025-04-21,Barrow,Tranmere,3,3,False
E3,2425,2025-04-21,Chesterfield,Bradford,3,4,False
E3,2425,2025-04-21,Crewe,Milton Keynes Dons,3,3,False
E3,2425,2025-04-21,Newport County,Walsall,3,3,False
E3,2425,2025-04-21,Gillingham,AFC Wimbledon,3,3,False
E3,2425,2025-04-21,Harrogate,Fleetwood Town,3,3,False
E3,2425,2025-04-21,Morecambe,Salford,3,3,False
E3,2425,2025-04-21,Newport County,Cheltenham,3,3,False
E3,2425,2025-04-21,Port Vale,Grimsby,3,3,False
E3,2425,2025-04-21,Swindon,Bromley,3,3,False
E3,2425,2025-04-26,Walsall,Accrington,5,5,False
E3,2425,2025-04-26,AFC Wimbledon,Port Vale,5,5,False
E3,2425,2025-04-26,Doncaster,Bradford,5,5,False
E3,2425,2025-04-26,Harrogate,Newport County,5,5,False
E3,2425,2025-04-26,Barrow,Bromley,5,5,False
E3,2425,2025-04-26,Cheltenham,Carlisle,5,5,False
E3,2425,2025-04-26,Chesterfield,Morecambe,5,5,False
E3,2425,2025-04-26,Fleetwood Town,Newport County,5,5,False
E3,2425,2025-04-26,Gillingham,Swindon,5,5,False
E3,2425,2025-04-26,Milton Keynes Dons,Grimsby,5,5,False
E3,2425,2025-04-26,Salford,Colchester,5,5,False
E3,2425,2025-04-26,Tranmere,Crewe,5,5,False
E3,2425,2025-05-03,Grimsby,AFC Wimbledon,7,7,False
E3,2425,2025-05-03,Morecambe,Harrogate,7,7,False
E3,2425,2025-05-03,Newport County,Tranmere,7,7,False
E3,2425,2025-05-03,Newport County,Doncaster,7,7,False
E3,2425,2025-05-03,Port Vale,Gillingham,7,7,False
E3,2425,2025-05-03,Swindon,Milton Keynes Dons,7,7,False
E3,2425,2025-05-03,Crewe,Walsall,7,7,False
E3,2425,2025-05-03,Colchester,Barrow,7,7,False
E3,2425,2025-05-03,Carlisle,Salford,7,7,False
E3,2425,2025-05-03,Bromley,Cheltenham,7,7,False
E3,2425,2025-05-03,Bradford,Fleetwood Town,7,7,False
E3,2425,2025-05-03,Accrington,Chesterfield,7,7,False
