League Code,League Name,Country,Team ID,Team Name (Raw),Canonical Name,Created At
B1,Pro League,Belgium,573,Anderlecht,anderlecht,2025-12-29T06:55:10.427283+03:00
B1,Pro League,Belgium,574,Antwerp,antwerp,2025-12-29T06:55:10.434164+03:00
B1,Pro League,Belgium,575,Beerschot VA,beerschot va,2025-12-29T06:55:10.439466+03:00
B1,Pro League,Belgium,576,Cercle Brugge,cercle brugge,2025-12-29T06:55:10.445144+03:00
B1,Pro League,Belgium,577,Charleroi,charleroi,2025-12-29T06:55:10.449787+03:00
B1,Pro League,Belgium,578,Dender,dender,2025-12-29T06:55:10.455559+03:00
B1,Pro League,Belgium,579,Eupen,eupen,2025-12-29T06:55:10.461886+03:00
B1,Pro League,Belgium,580,Genk,genk,2025-12-29T06:55:10.465564+03:00
B1,Pro League,Belgium,581,Kortrijk,kortrijk,2025-12-29T06:55:10.469306+03:00
B1,Pro League,Belgium,582,Mechelen,mechelen,2025-12-29T06:55:10.477365+03:00
B1,Pro League,Belgium,583,Mouscron,mouscron,2025-12-29T06:55:10.481923+03:00
B1,Pro League,Belgium,584,Oostende,oostende,2025-12-29T06:55:10.486939+03:00
B1,Pro League,Belgium,585,Oud-Heverlee Leuven,oud-heverlee leuven,2025-12-29T06:55:10.492870+03:00
B1,Pro League,Belgium,586,RAAL La Louviere,raal la louviere,2025-12-29T06:55:10.496818+03:00
B1,Pro League,Belgium,587,RWD Molenbeek,rwd molenbeek,2025-12-29T06:55:10.500535+03:00
B1,Pro League,Belgium,588,Seraing,seraing,2025-12-29T06:55:10.503898+03:00
B1,Pro League,Belgium,590,St. Gilloise,st gilloise,2025-12-29T06:55:10.511955+03:00
B1,Pro League,Belgium,589,St Truiden,st truiden,2025-12-29T06:55:10.508230+03:00
B1,Pro League,Belgium,591,Standard,standard,2025-12-29T06:55:10.515825+03:00
B1,Pro League,Belgium,592,Waasland-Beveren,waasland-beveren,2025-12-29T06:55:10.520519+03:00
B1,Pro League,Belgium,593,Waregem,waregem,2025-12-29T06:55:10.526144+03:00
B1,Pro League,Belgium,594,Westerlo,westerlo,2025-12-29T06:55:10.530381+03:00
D1,Bundesliga,Germany,247,Augsburg,augsburg,2025-12-29T06:55:08.944011+03:00
D1,Bundesliga,Germany,248,Bayern Munich,bayern munich,2025-12-29T06:55:08.948684+03:00
D1,Bundesliga,Germany,249,Bielefeld,bielefeld,2025-12-29T06:55:08.951744+03:00
D1,Bundesliga,Germany,250,Bochum,bochum,2025-12-29T06:55:08.954833+03:00
D1,Bundesliga,Germany,251,Darmstadt,darmstadt,2025-12-29T06:55:08.957990+03:00
D1,Bundesliga,Germany,252,Dortmund,dortmund,2025-12-29T06:55:08.961270+03:00
D1,Bundesliga,Germany,253,Ein Frankfurt,ein frankfurt,2025-12-29T06:55:08.964672+03:00
D1,Bundesliga,Germany,254,FC Koln,fc koln,2025-12-29T06:55:08.967876+03:00
D1,Bundesliga,Germany,255,Fortuna Dusseldorf,fortuna dusseldorf,2025-12-29T06:55:08.971910+03:00
D1,Bundesliga,Germany,256,Freiburg,freiburg,2025-12-29T06:55:08.976428+03:00
D1,Bundesliga,Germany,257,Greuther Furth,greuther furth,2025-12-29T06:55:08.980219+03:00
D1,Bundesliga,Germany,258,Hamburg,hamburg,2025-12-29T06:55:08.984030+03:00
D1,Bundesliga,Germany,259,Heidenheim,heidenheim,2025-12-29T06:55:08.987730+03:00
D1,Bundesliga,Germany,260,Hertha,hertha,2025-12-29T06:55:08.993166+03:00
D1,Bundesliga,Germany,261,Holstein Kiel,holstein kiel,2025-12-29T06:55:08.997046+03:00
D1,Bundesliga,Germany,262,Leverkusen,leverkusen,2025-12-29T06:55:09.002155+03:00
D1,Bundesliga,Germany,264,Mainz,mainz,2025-12-29T06:55:09.012757+03:00
D1,Bundesliga,Germany,263,M'gladbach,mgladbach,2025-12-29T06:55:09.009034+03:00
D1,Bundesliga,Germany,265,Paderborn,paderborn,2025-12-29T06:55:09.017034+03:00
D1,Bundesliga,Germany,266,RB Leipzig,rb leipzig,2025-12-29T06:55:09.021780+03:00
D1,Bundesliga,Germany,267,Schalke 04,schalke 04,2025-12-29T06:55:09.028462+03:00
D1,Bundesliga,Germany,268,St Pauli,st pauli,2025-12-29T06:55:09.032653+03:00
D1,Bundesliga,Germany,269,Stuttgart,stuttgart,2025-12-29T06:55:09.037071+03:00
D1,Bundesliga,Germany,270,Union Berlin,union berlin,2025-12-29T06:55:09.041519+03:00
D1,Bundesliga,Germany,271,Werder Bremen,werder bremen,2025-12-29T06:55:09.045876+03:00
D1,Bundesliga,Germany,272,Wolfsburg,wolfsburg,2025-12-29T06:55:09.050332+03:00
D2,2. Bundesliga,Germany,273,Bielefeld,bielefeld,2025-12-29T06:55:09.054764+03:00
D2,2. Bundesliga,Germany,274,Bochum,bochum,2025-12-29T06:55:09.059754+03:00
D2,2. Bundesliga,Germany,275,Braunschweig,braunschweig,2025-12-29T06:55:09.062944+03:00
D2,2. Bundesliga,Germany,276,Darmstadt,darmstadt,2025-12-29T06:55:09.065964+03:00
D2,2. Bundesliga,Germany,277,Dresden,dresden,2025-12-29T06:55:09.069046+03:00
D2,2. Bundesliga,Germany,278,Elversberg,elversberg,2025-12-29T06:55:09.072217+03:00
D2,2. Bundesliga,Germany,279,Erzgebirge Aue,erzgebirge aue,2025-12-29T06:55:09.075553+03:00
D2,2. Bundesliga,Germany,280,FC Koln,fc koln,2025-12-29T06:55:09.079391+03:00
D2,2. Bundesliga,Germany,281,Fortuna Dusseldorf,fortuna dusseldorf,2025-12-29T06:55:09.082604+03:00
D2,2. Bundesliga,Germany,282,Greuther Furth,greuther furth,2025-12-29T06:55:09.087152+03:00
D2,2. Bundesliga,Germany,283,Hamburg,hamburg,2025-12-29T06:55:09.091810+03:00
D2,2. Bundesliga,Germany,284,Hannover,hannover,2025-12-29T06:55:09.095610+03:00
D2,2. Bundesliga,Germany,285,Hansa Rostock,hansa rostock,2025-12-29T06:55:09.099182+03:00
D2,2. Bundesliga,Germany,286,Heidenheim,heidenheim,2025-12-29T06:55:09.102687+03:00
D2,2. Bundesliga,Germany,287,Hertha,hertha,2025-12-29T06:55:09.106742+03:00
D2,2. Bundesliga,Germany,288,Holstein Kiel,holstein kiel,2025-12-29T06:55:09.110488+03:00
D2,2. Bundesliga,Germany,289,Ingolstadt,ingolstadt,2025-12-29T06:55:09.114658+03:00
D2,2. Bundesliga,Germany,290,Kaiserslautern,kaiserslautern,2025-12-29T06:55:09.118686+03:00
D2,2. Bundesliga,Germany,291,Karlsruhe,karlsruhe,2025-12-29T06:55:09.124374+03:00
D2,2. Bundesliga,Germany,292,Magdeburg,magdeburg,2025-12-29T06:55:09.130560+03:00
D2,2. Bundesliga,Germany,293,Nurnberg,nurnberg,2025-12-29T06:55:09.135214+03:00
D2,2. Bundesliga,Germany,294,Osnabruck,osnabruck,2025-12-29T06:55:09.140165+03:00
D2,2. Bundesliga,Germany,295,Paderborn,paderborn,2025-12-29T06:55:09.145235+03:00
D2,2. Bundesliga,Germany,296,PreuÃen MÃ¼nster,preuãen mã¼nster,2025-12-29T06:55:09.149831+03:00
D2,2. Bundesliga,Germany,297,Regensburg,regensburg,2025-12-29T06:55:09.156545+03:00
D2,2. Bundesliga,Germany,298,Sandhausen,sandhausen,2025-12-29T06:55:09.162948+03:00
D2,2. Bundesliga,Germany,299,Schalke 04,schalke 04,2025-12-29T06:55:09.167820+03:00
D2,2. Bundesliga,Germany,300,St Pauli,st pauli,2025-12-29T06:55:09.172434+03:00
D2,2. Bundesliga,Germany,301,Stuttgart,stuttgart,2025-12-29T06:55:09.177456+03:00
D2,2. Bundesliga,Germany,302,Ulm,ulm,2025-12-29T06:55:09.182282+03:00
D2,2. Bundesliga,Germany,303,Wehen,wehen,2025-12-29T06:55:09.189065+03:00
D2,2. Bundesliga,Germany,304,Werder Bremen,werder bremen,2025-12-29T06:55:09.194249+03:00
D2,2. Bundesliga,Germany,305,Wurzburger Kickers,wurzburger kickers,2025-12-29T06:55:09.199308+03:00
DK1,Superliga,Denmark,638,Augsburg,augsburg,2025-12-29T06:55:10.718664+03:00
DK1,Superliga,Denmark,639,Bayern Munich,bayern munich,2025-12-29T06:55:10.727364+03:00
DK1,Superliga,Denmark,640,Bielefeld,bielefeld,2025-12-29T06:55:10.731111+03:00
DK1,Superliga,Denmark,641,Bochum,bochum,2025-12-29T06:55:10.734602+03:00
DK1,Superliga,Denmark,642,Darmstadt,darmstadt,2025-12-29T06:55:10.738033+03:00
DK1,Superliga,Denmark,643,Dortmund,dortmund,2025-12-29T06:55:10.742016+03:00
DK1,Superliga,Denmark,644,Ein Frankfurt,ein frankfurt,2025-12-29T06:55:10.745337+03:00
DK1,Superliga,Denmark,645,FC Koln,fc koln,2025-12-29T06:55:10.749550+03:00
DK1,Superliga,Denmark,646,Fortuna Dusseldorf,fortuna dusseldorf,2025-12-29T06:55:10.752734+03:00
DK1,Superliga,Denmark,647,Freiburg,freiburg,2025-12-29T06:55:10.756378+03:00
DK1,Superliga,Denmark,648,Greuther Furth,greuther furth,2025-12-29T06:55:10.760008+03:00
DK1,Superliga,Denmark,649,Hamburg,hamburg,2025-12-29T06:55:10.763360+03:00
DK1,Superliga,Denmark,650,Heidenheim,heidenheim,2025-12-29T06:55:10.766757+03:00
DK1,Superliga,Denmark,651,Hertha,hertha,2025-12-29T06:55:10.771721+03:00
DK1,Superliga,Denmark,652,Holstein Kiel,holstein kiel,2025-12-29T06:55:10.776335+03:00
DK1,Superliga,Denmark,653,Leverkusen,leverkusen,2025-12-29T06:55:10.781940+03:00
DK1,Superliga,Denmark,655,Mainz,mainz,2025-12-29T06:55:10.790829+03:00
DK1,Superliga,Denmark,654,M'gladbach,mgladbach,2025-12-29T06:55:10.785680+03:00
DK1,Superliga,Denmark,656,Paderborn,paderborn,2025-12-29T06:55:10.794957+03:00
DK1,Superliga,Denmark,657,RB Leipzig,rb leipzig,2025-12-29T06:55:10.798938+03:00
DK1,Superliga,Denmark,658,Schalke 04,schalke 04,2025-12-29T06:55:10.802688+03:00
DK1,Superliga,Denmark,659,St Pauli,st pauli,2025-12-29T06:55:10.806969+03:00
DK1,Superliga,Denmark,660,Stuttgart,stuttgart,2025-12-29T06:55:10.811604+03:00
DK1,Superliga,Denmark,661,Union Berlin,union berlin,2025-12-29T06:55:10.815463+03:00
DK1,Superliga,Denmark,662,Werder Bremen,werder bremen,2025-12-29T06:55:10.820005+03:00
DK1,Superliga,Denmark,663,Wolfsburg,wolfsburg,2025-12-29T06:55:10.827879+03:00
E0,Premier League,England,18,Arsenal,arsenal,2025-12-29T06:55:07.812138+03:00
E0,Premier League,England,19,Aston Villa,aston villa,2025-12-29T06:55:07.834151+03:00
E0,Premier League,England,20,Bournemouth,bournemouth,2025-12-29T06:55:07.838797+03:00
E0,Premier League,England,21,Brentford,brentford,2025-12-29T06:55:07.842669+03:00
E0,Premier League,England,22,Brighton,brighton,2025-12-29T06:55:07.846897+03:00
E0,Premier League,England,23,Burnley,burnley,2025-12-29T06:55:07.851106+03:00
E0,Premier League,England,24,Chelsea,chelsea,2025-12-29T06:55:07.856694+03:00
E0,Premier League,England,25,Crystal Palace,crystal palace,2025-12-29T06:55:07.864747+03:00
E0,Premier League,England,26,Everton,everton,2025-12-29T06:55:07.869818+03:00
E0,Premier League,England,27,Fulham,fulham,2025-12-29T06:55:07.875098+03:00
E0,Premier League,England,28,Ipswich,ipswich,2025-12-29T06:55:07.878805+03:00
E0,Premier League,England,29,Leeds,leeds,2025-12-29T06:55:07.882518+03:00
E0,Premier League,England,30,Leicester,leicester,2025-12-29T06:55:07.887352+03:00
E0,Premier League,England,31,Liverpool,liverpool,2025-12-29T06:55:07.894795+03:00
E0,Premier League,England,32,Luton,luton,2025-12-29T06:55:07.899450+03:00
E0,Premier League,England,33,Man City,man city,2025-12-29T06:55:07.904553+03:00
E0,Premier League,England,34,Newcastle,newcastle,2025-12-29T06:55:07.908987+03:00
E0,Premier League,England,35,Norwich,norwich,2025-12-29T06:55:07.914585+03:00
E0,Premier League,England,36,Nott'm Forest,nottm forest,2025-12-29T06:55:07.918322+03:00
E0,Premier League,England,37,Sheffield United,sheffield united,2025-12-29T06:55:07.922344+03:00
E0,Premier League,England,38,Southampton,southampton,2025-12-29T06:55:07.927911+03:00
E0,Premier League,England,39,Sunderland,sunderland,2025-12-29T06:55:07.932457+03:00
E0,Premier League,England,40,Tottenham,tottenham,2025-12-29T06:55:07.937047+03:00
E0,Premier League,England,41,Watford,watford,2025-12-29T06:55:07.941874+03:00
E0,Premier League,England,42,West Brom,west brom,2025-12-29T06:55:07.946814+03:00
E0,Premier League,England,43,Wolves,wolves,2025-12-29T06:55:07.951686+03:00
E1,Championship,England,44,Barnsley,barnsley,2025-12-29T06:55:07.959370+03:00
E1,Championship,England,45,Birmingham,birmingham,2025-12-29T06:55:07.966003+03:00
E1,Championship,England,46,Blackburn,blackburn,2025-12-29T06:55:07.972765+03:00
E1,Championship,England,47,Blackpool,blackpool,2025-12-29T06:55:07.977446+03:00
E1,Championship,England,48,Bournemouth,bournemouth,2025-12-29T06:55:07.981739+03:00
E1,Championship,England,49,Brentford,brentford,2025-12-29T06:55:07.986455+03:00
E1,Championship,England,50,Bristol City,bristol city,2025-12-29T06:55:07.990609+03:00
E1,Championship,England,51,Cardiff,cardiff,2025-12-29T06:55:07.994460+03:00
E1,Championship,England,52,Charlton,charlton,2025-12-29T06:55:07.998927+03:00
E1,Championship,England,53,Coventry,coventry,2025-12-29T06:55:08.002239+03:00
E1,Championship,England,54,Derby,derby,2025-12-29T06:55:08.005769+03:00
E1,Championship,England,55,Fulham,fulham,2025-12-29T06:55:08.009743+03:00
E1,Championship,England,56,Huddersfield,huddersfield,2025-12-29T06:55:08.013799+03:00
E1,Championship,England,57,Hull,hull,2025-12-29T06:55:08.017649+03:00
E1,Championship,England,58,Ipswich,ipswich,2025-12-29T06:55:08.022437+03:00
E1,Championship,England,59,Leeds,leeds,2025-12-29T06:55:08.027271+03:00
E1,Championship,England,60,Leicester,leicester,2025-12-29T06:55:08.031038+03:00
E1,Championship,England,61,Luton,luton,2025-12-29T06:55:08.035218+03:00
E1,Championship,England,62,Middlesbrough,middlesbrough,2025-12-29T06:55:08.039392+03:00
E1,Championship,England,63,Millwall,millwall,2025-12-29T06:55:08.044241+03:00
E1,Championship,England,64,Norwich,norwich,2025-12-29T06:55:08.048454+03:00
E1,Championship,England,65,Nott'm Forest,nottm forest,2025-12-29T06:55:08.052323+03:00
E1,Championship,England,66,Oxford,oxford,2025-12-29T06:55:08.056575+03:00
E1,Championship,England,67,Peterboro,peterboro,2025-12-29T06:55:08.062017+03:00
E1,Championship,England,68,Plymouth,plymouth,2025-12-29T06:55:08.067121+03:00
E1,Championship,England,69,Portsmouth,portsmouth,2025-12-29T06:55:08.071946+03:00
E1,Championship,England,70,Preston,preston,2025-12-29T06:55:08.077380+03:00
E1,Championship,England,71,QPR,qpr,2025-12-29T06:55:08.082291+03:00
E1,Championship,England,72,Reading,reading,2025-12-29T06:55:08.087509+03:00
E1,Championship,England,73,Rotherham,rotherham,2025-12-29T06:55:08.092219+03:00
E1,Championship,England,74,Sheffield United,sheffield united,2025-12-29T06:55:08.096898+03:00
E1,Championship,England,75,Southampton,southampton,2025-12-29T06:55:08.101162+03:00
E1,Championship,England,76,Stoke,stoke,2025-12-29T06:55:08.108655+03:00
E1,Championship,England,77,Sunderland,sunderland,2025-12-29T06:55:08.113558+03:00
E1,Championship,England,78,Swansea,swansea,2025-12-29T06:55:08.118683+03:00
E1,Championship,England,79,Watford,watford,2025-12-29T06:55:08.125342+03:00
E1,Championship,England,80,West Brom,west brom,2025-12-29T06:55:08.130007+03:00
E1,Championship,England,81,Wigan,wigan,2025-12-29T06:55:08.134790+03:00
E1,Championship,England,82,Wrexham,wrexham,2025-12-29T06:55:08.141236+03:00
E1,Championship,England,83,Wycombe,wycombe,2025-12-29T06:55:08.146040+03:00
E2,League One,England,85,Accrington,accrington,2025-12-29T06:55:08.159966+03:00
E2,League One,England,84,AFC Wimbledon,afc wimbledon,2025-12-29T06:55:08.151189+03:00
E2,League One,England,86,Barnsley,barnsley,2025-12-29T06:55:08.163957+03:00
E2,League One,England,87,Birmingham,birmingham,2025-12-29T06:55:08.167492+03:00
E2,League One,England,88,Blackpool,blackpool,2025-12-29T06:55:08.170765+03:00
E2,League One,England,89,Bolton,bolton,2025-12-29T06:55:08.176866+03:00
E2,League One,England,90,Bradford,bradford,2025-12-29T06:55:08.180819+03:00
E2,League One,England,91,Bristol Rvs,bristol rvs,2025-12-29T06:55:08.184566+03:00
E2,League One,England,92,Burton,burton,2025-12-29T06:55:08.188890+03:00
E2,League One,England,93,Cambridge,cambridge,2025-12-29T06:55:08.193147+03:00
E2,League One,England,94,Cardiff,cardiff,2025-12-29T06:55:08.197304+03:00
E2,League One,England,95,Carlisle,carlisle,2025-12-29T06:55:08.201804+03:00
E2,League One,England,96,Charlton,charlton,2025-12-29T06:55:08.207211+03:00
E2,League One,England,97,Cheltenham,cheltenham,2025-12-29T06:55:08.211793+03:00
E2,League One,England,98,Coventry,coventry,2025-12-29T06:55:08.215926+03:00
E2,League One,England,99,Crawley Town,crawley town,2025-12-29T06:55:08.221055+03:00
E2,League One,England,100,Crewe,crewe,2025-12-29T06:55:08.226273+03:00
E2,League One,England,101,Derby,derby,2025-12-29T06:55:08.230473+03:00
E2,League One,England,102,Doncaster,doncaster,2025-12-29T06:55:08.234054+03:00
E2,League One,England,103,Exeter,exeter,2025-12-29T06:55:08.238281+03:00
E2,League One,England,104,Fleetwood Town,fleetwood town,2025-12-29T06:55:08.244228+03:00
E2,League One,England,105,Forest Green,forest green,2025-12-29T06:55:08.249148+03:00
E2,League One,England,106,Huddersfield,huddersfield,2025-12-29T06:55:08.254200+03:00
E2,League One,England,107,Hull,hull,2025-12-29T06:55:08.261550+03:00
E2,League One,England,108,Ipswich,ipswich,2025-12-29T06:55:08.265761+03:00
E2,League One,England,109,Leyton Orient,leyton orient,2025-12-29T06:55:08.271705+03:00
E2,League One,England,110,Lincoln,lincoln,2025-12-29T06:55:08.276217+03:00
E2,League One,England,111,Mansfield,mansfield,2025-12-29T06:55:08.280222+03:00
E2,League One,England,112,Milton Keynes Dons,milton keynes dons,2025-12-29T06:55:08.285898+03:00
E2,League One,England,113,Morecambe,morecambe,2025-12-29T06:55:08.290859+03:00
E2,League One,England,114,Northampton,northampton,2025-12-29T06:55:08.295544+03:00
E2,League One,England,115,Oxford,oxford,2025-12-29T06:55:08.300781+03:00
E2,League One,England,116,Peterboro,peterboro,2025-12-29T06:55:08.305742+03:00
E2,League One,England,117,Plymouth,plymouth,2025-12-29T06:55:08.313208+03:00
E2,League One,England,118,Port Vale,port vale,2025-12-29T06:55:08.318406+03:00
E2,League One,England,119,Portsmouth,portsmouth,2025-12-29T06:55:08.323740+03:00
E2,League One,England,120,Reading,reading,2025-12-29T06:55:08.328923+03:00
E2,League One,England,121,Rochdale,rochdale,2025-12-29T06:55:08.333624+03:00
E2,League One,England,122,Rotherham,rotherham,2025-12-29T06:55:08.338441+03:00
E2,League One,England,123,Sheffield Weds,sheffield weds,2025-12-29T06:55:08.344705+03:00
E2,League One,England,124,Shrewsbury,shrewsbury,2025-12-29T06:55:08.349855+03:00
E2,League One,England,125,Southend,southend,2025-12-29T06:55:08.354774+03:00
E2,League One,England,126,Stevenage,stevenage,2025-12-29T06:55:08.361128+03:00
E2,League One,England,127,Stockport,stockport,2025-12-29T06:55:08.366147+03:00
E2,League One,England,128,Sunderland,sunderland,2025-12-29T06:55:08.371336+03:00
E2,League One,England,129,Swindon,swindon,2025-12-29T06:55:08.377191+03:00
E2,League One,England,130,Tranmere,tranmere,2025-12-29T06:55:08.382782+03:00
E2,League One,England,131,Wigan,wigan,2025-12-29T06:55:08.388505+03:00
E2,League One,England,132,Wrexham,wrexham,2025-12-29T06:55:08.394804+03:00
E2,League One,England,133,Wycombe,wycombe,2025-12-29T06:55:08.399976+03:00
E3,League Two,England,135,Accrington,accrington,2025-12-29T06:55:08.411751+03:00
E3,League Two,England,134,AFC Wimbledon,afc wimbledon,2025-12-29T06:55:08.405881+03:00
E3,League Two,England,136,Barnet,barnet,2025-12-29T06:55:08.415191+03:00
E3,League Two,England,137,Barrow,barrow,2025-12-29T06:55:08.418189+03:00
E3,League Two,England,138,Bolton,bolton,2025-12-29T06:55:08.422125+03:00
E3,League Two,England,139,Bradford,bradford,2025-12-29T06:55:08.426021+03:00
E3,League Two,England,140,Bristol Rvs,bristol rvs,2025-12-29T06:55:08.431404+03:00
E3,League Two,England,141,Bromley,bromley,2025-12-29T06:55:08.435290+03:00
E3,League Two,England,142,Cambridge,cambridge,2025-12-29T06:55:08.438745+03:00
E3,League Two,England,143,Carlisle,carlisle,2025-12-29T06:55:08.443217+03:00
E3,League Two,England,144,Cheltenham,cheltenham,2025-12-29T06:55:08.447107+03:00
E3,League Two,England,145,Chesterfield,chesterfield,2025-12-29T06:55:08.451245+03:00
E3,League Two,England,146,Colchester,colchester,2025-12-29T06:55:08.456261+03:00
E3,League Two,England,147,Crawley Town,crawley town,2025-12-29T06:55:08.462133+03:00
E3,League Two,England,148,Crewe,crewe,2025-12-29T06:55:08.466426+03:00
E3,League Two,England,149,Doncaster,doncaster,2025-12-29T06:55:08.472432+03:00
E3,League Two,England,150,Exeter,exeter,2025-12-29T06:55:08.477048+03:00
E3,League Two,England,151,Fleetwood Town,fleetwood town,2025-12-29T06:55:08.481241+03:00
E3,League Two,England,152,Forest Green,forest green,2025-12-29T06:55:08.485140+03:00
E3,League Two,England,153,Gillingham,gillingham,2025-12-29T06:55:08.492017+03:00
E3,League Two,England,154,Grimsby,grimsby,2025-12-29T06:55:08.496424+03:00
E3,League Two,England,155,Harrogate,harrogate,2025-12-29T06:55:08.500417+03:00
E3,League Two,England,156,Hartlepool,hartlepool,2025-12-29T06:55:08.507753+03:00
E3,League Two,England,157,Leyton Orient,leyton orient,2025-12-29T06:55:08.512495+03:00
E3,League Two,England,158,Macclesfield,macclesfield,2025-12-29T06:55:08.516903+03:00
E3,League Two,England,159,Milton Keynes Dons,milton keynes dons,2025-12-29T06:55:08.521298+03:00
E3,League Two,England,160,Morecambe,morecambe,2025-12-29T06:55:08.528460+03:00
E3,League Two,England,161,Newport County,newport county,2025-12-29T06:55:08.533025+03:00
E3,League Two,England,162,Northampton,northampton,2025-12-29T06:55:08.537581+03:00
E3,League Two,England,163,Oldham,oldham,2025-12-29T06:55:08.543068+03:00
E3,League Two,England,164,Plymouth,plymouth,2025-12-29T06:55:08.550065+03:00
E3,League Two,England,165,Port Vale,port vale,2025-12-29T06:55:08.554440+03:00
E3,League Two,England,166,Rochdale,rochdale,2025-12-29T06:55:08.560482+03:00
E3,League Two,England,167,Salford,salford,2025-12-29T06:55:08.565453+03:00
E3,League Two,England,168,Scunthorpe,scunthorpe,2025-12-29T06:55:08.572266+03:00
E3,League Two,England,169,Shrewsbury,shrewsbury,2025-12-29T06:55:08.577851+03:00
E3,League Two,England,170,Southend,southend,2025-12-29T06:55:08.583302+03:00
E3,League Two,England,171,Stevenage,stevenage,2025-12-29T06:55:08.592796+03:00
E3,League Two,England,172,Stockport,stockport,2025-12-29T06:55:08.598698+03:00
E3,League Two,England,173,Sutton,sutton,2025-12-29T06:55:08.603956+03:00
E3,League Two,England,174,Swindon,swindon,2025-12-29T06:55:08.609059+03:00
E3,League Two,England,175,Tranmere,tranmere,2025-12-29T06:55:08.614441+03:00
E3,League Two,England,176,Walsall,walsall,2025-12-29T06:55:08.620267+03:00
E3,League Two,England,177,Wrexham,wrexham,2025-12-29T06:55:08.625899+03:00
F1,Ligue 1,France,379,Ajaccio,ajaccio,2025-12-29T06:55:09.549823+03:00
F1,Ligue 1,France,380,Amiens,amiens,2025-12-29T06:55:09.554511+03:00
F1,Ligue 1,France,381,Angers,angers,2025-12-29T06:55:09.559256+03:00
F1,Ligue 1,France,382,Auxerre,auxerre,2025-12-29T06:55:09.562492+03:00
F1,Ligue 1,France,383,Bordeaux,bordeaux,2025-12-29T06:55:09.566106+03:00
F1,Ligue 1,France,384,Brest,brest,2025-12-29T06:55:09.569240+03:00
F1,Ligue 1,France,385,Clermont,clermont,2025-12-29T06:55:09.572490+03:00
F1,Ligue 1,France,386,Dijon,dijon,2025-12-29T06:55:09.576461+03:00
F1,Ligue 1,France,387,Le Havre,le havre,2025-12-29T06:55:09.579652+03:00
F1,Ligue 1,France,388,Lens,lens,2025-12-29T06:55:09.583596+03:00
F1,Ligue 1,France,389,Lille,lille,2025-12-29T06:55:09.586908+03:00
F1,Ligue 1,France,390,Lorient,lorient,2025-12-29T06:55:09.590690+03:00
F1,Ligue 1,France,391,Lyon,lyon,2025-12-29T06:55:09.594473+03:00
F1,Ligue 1,France,392,Marseille,marseille,2025-12-29T06:55:09.597957+03:00
F1,Ligue 1,France,393,Metz,metz,2025-12-29T06:55:09.601846+03:00
F1,Ligue 1,France,394,Monaco,monaco,2025-12-29T06:55:09.605823+03:00
F1,Ligue 1,France,395,Montpellier,montpellier,2025-12-29T06:55:09.611008+03:00
F1,Ligue 1,France,396,Nantes,nantes,2025-12-29T06:55:09.615327+03:00
F1,Ligue 1,France,397,Nice,nice,2025-12-29T06:55:09.619243+03:00
F1,Ligue 1,France,398,Nimes,nimes,2025-12-29T06:55:09.626999+03:00
F1,Ligue 1,France,399,Paris FC,paris,2025-12-29T06:55:09.631365+03:00
F1,Ligue 1,France,400,Reims,reims,2025-12-29T06:55:09.636237+03:00
F1,Ligue 1,France,401,Rennes,rennes,2025-12-29T06:55:09.642905+03:00
F1,Ligue 1,France,402,St Etienne,st etienne,2025-12-29T06:55:09.647714+03:00
F1,Ligue 1,France,403,Strasbourg,strasbourg,2025-12-29T06:55:09.652281+03:00
F1,Ligue 1,France,404,Toulouse,toulouse,2025-12-29T06:55:09.656439+03:00
F1,Ligue 1,France,405,Troyes,troyes,2025-12-29T06:55:09.660854+03:00
F2,Ligue 2,France,406,Ajaccio,ajaccio,2025-12-29T06:55:09.665233+03:00
F2,Ligue 2,France,407,Amiens,amiens,2025-12-29T06:55:09.669801+03:00
F2,Ligue 2,France,408,Angers,angers,2025-12-29T06:55:09.673399+03:00
F2,Ligue 2,France,409,Annecy,annecy,2025-12-29T06:55:09.677004+03:00
F2,Ligue 2,France,410,Auxerre,auxerre,2025-12-29T06:55:09.679942+03:00
F2,Ligue 2,France,411,Bastia,bastia,2025-12-29T06:55:09.683328+03:00
F2,Ligue 2,France,412,Bordeaux,bordeaux,2025-12-29T06:55:09.687118+03:00
F2,Ligue 2,France,413,Boulogne,boulogne,2025-12-29T06:55:09.690747+03:00
F2,Ligue 2,France,414,Caen,caen,2025-12-29T06:55:09.694588+03:00
F2,Ligue 2,France,415,Chambly,chambly,2025-12-29T06:55:09.697934+03:00
F2,Ligue 2,France,416,Chateauroux,chateauroux,2025-12-29T06:55:09.701311+03:00
F2,Ligue 2,France,417,Clermont,clermont,2025-12-29T06:55:09.704528+03:00
F2,Ligue 2,France,418,Concarneau,concarneau,2025-12-29T06:55:09.708425+03:00
F2,Ligue 2,France,419,Dijon,dijon,2025-12-29T06:55:09.711854+03:00
F2,Ligue 2,France,420,Dunkerque,dunkerque,2025-12-29T06:55:09.715308+03:00
F2,Ligue 2,France,421,Grenoble,grenoble,2025-12-29T06:55:09.719112+03:00
F2,Ligue 2,France,422,Guingamp,guingamp,2025-12-29T06:55:09.722782+03:00
F2,Ligue 2,France,423,Laval,laval,2025-12-29T06:55:09.728831+03:00
F2,Ligue 2,France,424,Le Havre,le havre,2025-12-29T06:55:09.732587+03:00
F2,Ligue 2,France,425,Le Mans,le mans,2025-12-29T06:55:09.736363+03:00
F2,Ligue 2,France,426,Lorient,lorient,2025-12-29T06:55:09.740418+03:00
F2,Ligue 2,France,427,Martigues,martigues,2025-12-29T06:55:09.745968+03:00
F2,Ligue 2,France,428,Metz,metz,2025-12-29T06:55:09.749944+03:00
F2,Ligue 2,France,429,Montpellier,montpellier,2025-12-29T06:55:09.753864+03:00
F2,Ligue 2,France,430,Nimes,nimes,2025-12-29T06:55:09.759014+03:00
F2,Ligue 2,France,431,Niort,niort,2025-12-29T06:55:09.764871+03:00
F2,Ligue 2,France,432,Paris FC,paris,2025-12-29T06:55:09.768745+03:00
F2,Ligue 2,France,433,Pau FC,pau,2025-12-29T06:55:09.774967+03:00
F2,Ligue 2,France,434,Quevilly Rouen,quevilly rouen,2025-12-29T06:55:09.779184+03:00
F2,Ligue 2,France,435,Red Star,red star,2025-12-29T06:55:09.783520+03:00
F2,Ligue 2,France,436,Reims,reims,2025-12-29T06:55:09.787662+03:00
F2,Ligue 2,France,437,Rodez,rodez,2025-12-29T06:55:09.791688+03:00
F2,Ligue 2,France,438,Sochaux,sochaux,2025-12-29T06:55:09.796785+03:00
F2,Ligue 2,France,439,St Etienne,st etienne,2025-12-29T06:55:09.801664+03:00
F2,Ligue 2,France,440,Toulouse,toulouse,2025-12-29T06:55:09.806318+03:00
F2,Ligue 2,France,441,Troyes,troyes,2025-12-29T06:55:09.812239+03:00
F2,Ligue 2,France,442,Valenciennes,valenciennes,2025-12-29T06:55:09.817014+03:00
G1,Super League 1,Greece,619,AEK,aek,2025-12-29T06:55:10.641118+03:00
G1,Super League 1,Greece,620,Apollon,apollon,2025-12-29T06:55:10.646243+03:00
G1,Super League 1,Greece,621,Aris,aris,2025-12-29T06:55:10.649690+03:00
G1,Super League 1,Greece,622,Asteras Tripolis,asteras tripolis,2025-12-29T06:55:10.652944+03:00
G1,Super League 1,Greece,623,Athens Kallithea,athens kallithea,2025-12-29T06:55:10.656121+03:00
G1,Super League 1,Greece,624,Atromitos,atromitos,2025-12-29T06:55:10.659253+03:00
G1,Super League 1,Greece,625,Giannina,giannina,2025-12-29T06:55:10.662161+03:00
G1,Super League 1,Greece,626,Ionikos,ionikos,2025-12-29T06:55:10.665185+03:00
G1,Super League 1,Greece,627,Kifisia,kifisia,2025-12-29T06:55:10.669528+03:00
G1,Super League 1,Greece,628,Lamia,lamia,2025-12-29T06:55:10.673689+03:00
G1,Super League 1,Greece,629,Levadeiakos,levadeiakos,2025-12-29T06:55:10.677075+03:00
G1,Super League 1,Greece,630,OFI Crete,ofi crete,2025-12-29T06:55:10.681688+03:00
G1,Super League 1,Greece,631,Olympiakos,olympiakos,2025-12-29T06:55:10.685392+03:00
G1,Super League 1,Greece,633,Panathinaikos,panathinaikos,2025-12-29T06:55:10.694216+03:00
G1,Super League 1,Greece,634,Panetolikos,panetolikos,2025-12-29T06:55:10.698081+03:00
G1,Super League 1,Greece,635,Panserraikos,panserraikos,2025-12-29T06:55:10.701751+03:00
G1,Super League 1,Greece,632,PAOK,paok,2025-12-29T06:55:10.689841+03:00
G1,Super League 1,Greece,636,Volos NFC,volos nfc,2025-12-29T06:55:10.710754+03:00
G1,Super League 1,Greece,637,Xanthi,xanthi,2025-12-29T06:55:10.714668+03:00
I1,Serie A,Italy,306,Atalanta,atalanta,2025-12-29T06:55:09.204642+03:00
I1,Serie A,Italy,307,Benevento,benevento,2025-12-29T06:55:09.209811+03:00
I1,Serie A,Italy,308,Bologna,bologna,2025-12-29T06:55:09.213623+03:00
I1,Serie A,Italy,309,Brescia,brescia,2025-12-29T06:55:09.216969+03:00
I1,Serie A,Italy,310,Cagliari,cagliari,2025-12-29T06:55:09.220121+03:00
I1,Serie A,Italy,311,Como,como,2025-12-29T06:55:09.223611+03:00
I1,Serie A,Italy,312,Cremonese,cremonese,2025-12-29T06:55:09.227101+03:00
I1,Serie A,Italy,313,Crotone,crotone,2025-12-29T06:55:09.230390+03:00
I1,Serie A,Italy,314,Empoli,empoli,2025-12-29T06:55:09.234431+03:00
I1,Serie A,Italy,315,Fiorentina,fiorentina,2025-12-29T06:55:09.238674+03:00
I1,Serie A,Italy,316,Frosinone,frosinone,2025-12-29T06:55:09.242592+03:00
I1,Serie A,Italy,317,Genoa,genoa,2025-12-29T06:55:09.246309+03:00
I1,Serie A,Italy,318,Inter,inter,2025-12-29T06:55:09.249863+03:00
I1,Serie A,Italy,319,Juventus,juventus,2025-12-29T06:55:09.254025+03:00
I1,Serie A,Italy,320,Lazio,lazio,2025-12-29T06:55:09.258461+03:00
I1,Serie A,Italy,321,Lecce,lecce,2025-12-29T06:55:09.262636+03:00
I1,Serie A,Italy,322,Milan,milan,2025-12-29T06:55:09.266620+03:00
I1,Serie A,Italy,323,Monza,monza,2025-12-29T06:55:09.271501+03:00
I1,Serie A,Italy,324,Napoli,napoli,2025-12-29T06:55:09.276797+03:00
I1,Serie A,Italy,325,Parma,parma,2025-12-29T06:55:09.280586+03:00
I1,Serie A,Italy,326,Pisa,pisa,2025-12-29T06:55:09.284737+03:00
I1,Serie A,Italy,327,Roma,roma,2025-12-29T06:55:09.288766+03:00
I1,Serie A,Italy,328,Salernitana,salernitana,2025-12-29T06:55:09.295116+03:00
I1,Serie A,Italy,329,Sampdoria,sampdoria,2025-12-29T06:55:09.299974+03:00
I1,Serie A,Italy,330,Sassuolo,sassuolo,2025-12-29T06:55:09.305357+03:00
I1,Serie A,Italy,331,Spal,spal,2025-12-29T06:55:09.310179+03:00
I1,Serie A,Italy,332,Spezia,spezia,2025-12-29T06:55:09.314907+03:00
I1,Serie A,Italy,333,Torino,torino,2025-12-29T06:55:09.319192+03:00
I1,Serie A,Italy,334,Udinese,udinese,2025-12-29T06:55:09.325468+03:00
I1,Serie A,Italy,335,Venezia,venezia,2025-12-29T06:55:09.331310+03:00
I1,Serie A,Italy,336,Verona,verona,2025-12-29T06:55:09.336283+03:00
I2,Serie B,Italy,337,Alessandria,alessandria,2025-12-29T06:55:09.342276+03:00
I2,Serie B,Italy,338,Ascoli,ascoli,2025-12-29T06:55:09.347534+03:00
I2,Serie B,Italy,339,Avellino,avellino,2025-12-29T06:55:09.350943+03:00
I2,Serie B,Italy,340,Bari,bari,2025-12-29T06:55:09.355707+03:00
I2,Serie B,Italy,341,Benevento,benevento,2025-12-29T06:55:09.359760+03:00
I2,Serie B,Italy,342,Brescia,brescia,2025-12-29T06:55:09.363525+03:00
I2,Serie B,Italy,343,Cagliari,cagliari,2025-12-29T06:55:09.366975+03:00
I2,Serie B,Italy,344,Carrarese,carrarese,2025-12-29T06:55:09.370357+03:00
I2,Serie B,Italy,345,Catanzaro,catanzaro,2025-12-29T06:55:09.374361+03:00
I2,Serie B,Italy,346,Cesena,cesena,2025-12-29T06:55:09.378351+03:00
I2,Serie B,Italy,347,Chievo,chievo,2025-12-29T06:55:09.382297+03:00
I2,Serie B,Italy,348,Cittadella,cittadella,2025-12-29T06:55:09.386042+03:00
I2,Serie B,Italy,349,Como,como,2025-12-29T06:55:09.391342+03:00
I2,Serie B,Italy,350,Cremonese,cremonese,2025-12-29T06:55:09.394754+03:00
I2,Serie B,Italy,351,Crotone,crotone,2025-12-29T06:55:09.399833+03:00
I2,Serie B,Italy,352,Empoli,empoli,2025-12-29T06:55:09.405547+03:00
I2,Serie B,Italy,353,FeralpiSalo,feralpisalo,2025-12-29T06:55:09.411779+03:00
I2,Serie B,Italy,354,Frosinone,frosinone,2025-12-29T06:55:09.416469+03:00
I2,Serie B,Italy,355,Genoa,genoa,2025-12-29T06:55:09.420238+03:00
I2,Serie B,Italy,356,Juve Stabia,juve stabia,2025-12-29T06:55:09.425408+03:00
I2,Serie B,Italy,357,Lecce,lecce,2025-12-29T06:55:09.429737+03:00
I2,Serie B,Italy,358,Livorno,livorno,2025-12-29T06:55:09.433642+03:00
I2,Serie B,Italy,359,Mantova,mantova,2025-12-29T06:55:09.439608+03:00
I2,Serie B,Italy,360,Modena,modena,2025-12-29T06:55:09.443992+03:00
I2,Serie B,Italy,361,Padova,padova,2025-12-29T06:55:09.448537+03:00
I2,Serie B,Italy,362,Palermo,palermo,2025-12-29T06:55:09.455754+03:00
I2,Serie B,Italy,363,Parma,parma,2025-12-29T06:55:09.460706+03:00
I2,Serie B,Italy,364,Perugia,perugia,2025-12-29T06:55:09.464938+03:00
I2,Serie B,Italy,365,Pescara,pescara,2025-12-29T06:55:09.469736+03:00
I2,Serie B,Italy,366,Pisa,pisa,2025-12-29T06:55:09.474879+03:00
I2,Serie B,Italy,367,Pordenone,pordenone,2025-12-29T06:55:09.480935+03:00
I2,Serie B,Italy,368,Reggiana,reggiana,2025-12-29T06:55:09.485364+03:00
I2,Serie B,Italy,369,Salernitana,salernitana,2025-12-29T06:55:09.493564+03:00
I2,Serie B,Italy,370,Sampdoria,sampdoria,2025-12-29T06:55:09.500281+03:00
I2,Serie B,Italy,371,Sassuolo,sassuolo,2025-12-29T06:55:09.505126+03:00
I2,Serie B,Italy,372,Spal,spal,2025-12-29T06:55:09.510283+03:00
I2,Serie B,Italy,373,Spezia,spezia,2025-12-29T06:55:09.514658+03:00
I2,Serie B,Italy,374,Sudtirol,sudtirol,2025-12-29T06:55:09.519773+03:00
I2,Serie B,Italy,375,Ternana,ternana,2025-12-29T06:55:09.525665+03:00
I2,Serie B,Italy,376,Trapani,trapani,2025-12-29T06:55:09.531035+03:00
I2,Serie B,Italy,377,Venezia,venezia,2025-12-29T06:55:09.535937+03:00
I2,Serie B,Italy,378,Virtus Entella,virtus entella,2025-12-29T06:55:09.542065+03:00
N1,Eredivisie,Netherlands,444,Ajax,ajax,2025-12-29T06:55:09.831202+03:00
N1,Eredivisie,Netherlands,445,Almere City,almere city,2025-12-29T06:55:09.834775+03:00
N1,Eredivisie,Netherlands,443,AZ Alkmaar,az alkmaar,2025-12-29T06:55:09.822689+03:00
N1,Eredivisie,Netherlands,446,Cambuur,cambuur,2025-12-29T06:55:09.839893+03:00
N1,Eredivisie,Netherlands,447,Den Haag,den haag,2025-12-29T06:55:09.843812+03:00
N1,Eredivisie,Netherlands,448,Excelsior,excelsior,2025-12-29T06:55:09.847541+03:00
N1,Eredivisie,Netherlands,449,FC Emmen,fc emmen,2025-12-29T06:55:09.850858+03:00
N1,Eredivisie,Netherlands,450,Feyenoord,feyenoord,2025-12-29T06:55:09.856477+03:00
N1,Eredivisie,Netherlands,451,For Sittard,for sittard,2025-12-29T06:55:09.860203+03:00
N1,Eredivisie,Netherlands,452,Go Ahead Eagles,go ahead eagles,2025-12-29T06:55:09.864205+03:00
N1,Eredivisie,Netherlands,453,Groningen,groningen,2025-12-29T06:55:09.867890+03:00
N1,Eredivisie,Netherlands,454,Heerenveen,heerenveen,2025-12-29T06:55:09.871771+03:00
N1,Eredivisie,Netherlands,455,Heracles,heracles,2025-12-29T06:55:09.882493+03:00
N1,Eredivisie,Netherlands,456,NAC Breda,nac breda,2025-12-29T06:55:09.887702+03:00
N1,Eredivisie,Netherlands,457,Nijmegen,nijmegen,2025-12-29T06:55:09.896009+03:00
N1,Eredivisie,Netherlands,458,PSV Eindhoven,psv eindhoven,2025-12-29T06:55:09.900356+03:00
N1,Eredivisie,Netherlands,459,Sparta Rotterdam,sparta rotterdam,2025-12-29T06:55:09.905831+03:00
N1,Eredivisie,Netherlands,460,Telstar,telstar,2025-12-29T06:55:09.910432+03:00
N1,Eredivisie,Netherlands,461,Twente,twente,2025-12-29T06:55:09.915040+03:00
N1,Eredivisie,Netherlands,462,Utrecht,utrecht,2025-12-29T06:55:09.918916+03:00
N1,Eredivisie,Netherlands,464,Vitesse,vitesse,2025-12-29T06:55:09.929677+03:00
N1,Eredivisie,Netherlands,465,Volendam,volendam,2025-12-29T06:55:09.933596+03:00
N1,Eredivisie,Netherlands,463,VVV Venlo,vvv venlo,2025-12-29T06:55:09.925133+03:00
N1,Eredivisie,Netherlands,466,Waalwijk,waalwijk,2025-12-29T06:55:09.941699+03:00
N1,Eredivisie,Netherlands,467,Willem II,willem ii,2025-12-29T06:55:09.947312+03:00
N1,Eredivisie,Netherlands,468,Zwolle,zwolle,2025-12-29T06:55:09.951838+03:00
NO1,Eliteserien,Norway,665,Ajax,ajax,2025-12-29T06:55:10.838520+03:00
NO1,Eliteserien,Norway,666,Almere City,almere city,2025-12-29T06:55:10.844356+03:00
NO1,Eliteserien,Norway,664,AZ Alkmaar,az alkmaar,2025-12-29T06:55:10.832600+03:00
NO1,Eliteserien,Norway,667,Cambuur,cambuur,2025-12-29T06:55:10.847524+03:00
NO1,Eliteserien,Norway,668,Den Haag,den haag,2025-12-29T06:55:10.850404+03:00
NO1,Eliteserien,Norway,669,Excelsior,excelsior,2025-12-29T06:55:10.854256+03:00
NO1,Eliteserien,Norway,670,FC Emmen,fc emmen,2025-12-29T06:55:10.858434+03:00
NO1,Eliteserien,Norway,671,Feyenoord,feyenoord,2025-12-29T06:55:10.862285+03:00
NO1,Eliteserien,Norway,672,For Sittard,for sittard,2025-12-29T06:55:10.866146+03:00
NO1,Eliteserien,Norway,673,Go Ahead Eagles,go ahead eagles,2025-12-29T06:55:10.869326+03:00
NO1,Eliteserien,Norway,674,Groningen,groningen,2025-12-29T06:55:10.873103+03:00
NO1,Eliteserien,Norway,675,Heerenveen,heerenveen,2025-12-29T06:55:10.876777+03:00
NO1,Eliteserien,Norway,676,Heracles,heracles,2025-12-29T06:55:10.880426+03:00
NO1,Eliteserien,Norway,677,NAC Breda,nac breda,2025-12-29T06:55:10.883865+03:00
NO1,Eliteserien,Norway,678,Nijmegen,nijmegen,2025-12-29T06:55:10.888065+03:00
NO1,Eliteserien,Norway,679,PSV Eindhoven,psv eindhoven,2025-12-29T06:55:10.892859+03:00
NO1,Eliteserien,Norway,680,Sparta Rotterdam,sparta rotterdam,2025-12-29T06:55:10.896797+03:00
NO1,Eliteserien,Norway,681,Telstar,telstar,2025-12-29T06:55:10.900525+03:00
NO1,Eliteserien,Norway,682,Twente,twente,2025-12-29T06:55:10.905158+03:00
NO1,Eliteserien,Norway,683,Utrecht,utrecht,2025-12-29T06:55:10.909555+03:00
NO1,Eliteserien,Norway,685,Vitesse,vitesse,2025-12-29T06:55:10.918782+03:00
NO1,Eliteserien,Norway,686,Volendam,volendam,2025-12-29T06:55:10.923714+03:00
NO1,Eliteserien,Norway,684,VVV Venlo,vvv venlo,2025-12-29T06:55:10.914112+03:00
NO1,Eliteserien,Norway,687,Waalwijk,waalwijk,2025-12-29T06:55:10.928521+03:00
NO1,Eliteserien,Norway,688,Willem II,willem ii,2025-12-29T06:55:10.932777+03:00
NO1,Eliteserien,Norway,689,Zwolle,zwolle,2025-12-29T06:55:10.937361+03:00
P1,Primeira Liga,Portugal,470,Alverca,alverca,2025-12-29T06:55:09.961647+03:00
P1,Primeira Liga,Portugal,471,Arouca,arouca,2025-12-29T06:55:09.964857+03:00
P1,Primeira Liga,Portugal,469,AVS,avs,2025-12-29T06:55:09.956102+03:00
P1,Primeira Liga,Portugal,472,Belenenses,belenenses,2025-12-29T06:55:09.968423+03:00
P1,Primeira Liga,Portugal,473,Benfica,benfica,2025-12-29T06:55:09.972583+03:00
P1,Primeira Liga,Portugal,474,Boavista,boavista,2025-12-29T06:55:09.976233+03:00
P1,Primeira Liga,Portugal,475,Casa Pia,casa pia,2025-12-29T06:55:09.979534+03:00
P1,Primeira Liga,Portugal,476,Chaves,chaves,2025-12-29T06:55:09.983096+03:00
P1,Primeira Liga,Portugal,477,Estoril,estoril,2025-12-29T06:55:09.986493+03:00
P1,Primeira Liga,Portugal,478,Famalicao,famalicao,2025-12-29T06:55:09.990022+03:00
P1,Primeira Liga,Portugal,479,Farense,farense,2025-12-29T06:55:09.994604+03:00
P1,Primeira Liga,Portugal,480,Gil Vicente,gil vicente,2025-12-29T06:55:09.997948+03:00
P1,Primeira Liga,Portugal,481,Guimaraes,guimaraes,2025-12-29T06:55:10.001297+03:00
P1,Primeira Liga,Portugal,482,Maritimo,maritimo,2025-12-29T06:55:10.005639+03:00
P1,Primeira Liga,Portugal,483,Moreirense,moreirense,2025-12-29T06:55:10.010136+03:00
P1,Primeira Liga,Portugal,484,Nacional,nacional,2025-12-29T06:55:10.013810+03:00
P1,Primeira Liga,Portugal,485,Pacos Ferreira,pacos ferreira,2025-12-29T06:55:10.017511+03:00
P1,Primeira Liga,Portugal,486,Portimonense,portimonense,2025-12-29T06:55:10.022586+03:00
P1,Primeira Liga,Portugal,487,Porto,porto,2025-12-29T06:55:10.028919+03:00
P1,Primeira Liga,Portugal,488,Rio Ave,rio ave,2025-12-29T06:55:10.032934+03:00
P1,Primeira Liga,Portugal,489,Santa Clara,santa clara,2025-12-29T06:55:10.037393+03:00
P1,Primeira Liga,Portugal,490,Setubal,setubal,2025-12-29T06:55:10.043346+03:00
P1,Primeira Liga,Portugal,491,Sp Braga,sp braga,2025-12-29T06:55:10.047095+03:00
P1,Primeira Liga,Portugal,492,Sp Lisbon,sp lisbon,2025-12-29T06:55:10.050820+03:00
P1,Primeira Liga,Portugal,493,Tondela,tondela,2025-12-29T06:55:10.056159+03:00
P1,Primeira Liga,Portugal,494,Vizela,vizela,2025-12-29T06:55:10.061291+03:00
PL1,Ekstraklasa,Poland,691,Alverca,alverca,2025-12-29T06:55:10.946982+03:00
PL1,Ekstraklasa,Poland,692,Arouca,arouca,2025-12-29T06:55:10.950084+03:00
PL1,Ekstraklasa,Poland,690,AVS,avs,2025-12-29T06:55:10.942413+03:00
PL1,Ekstraklasa,Poland,693,Belenenses,belenenses,2025-12-29T06:55:10.954255+03:00
PL1,Ekstraklasa,Poland,694,Benfica,benfica,2025-12-29T06:55:10.958904+03:00
PL1,Ekstraklasa,Poland,695,Boavista,boavista,2025-12-29T06:55:10.962330+03:00
PL1,Ekstraklasa,Poland,696,Casa Pia,casa pia,2025-12-29T06:55:10.965821+03:00
PL1,Ekstraklasa,Poland,697,Chaves,chaves,2025-12-29T06:55:10.969059+03:00
PL1,Ekstraklasa,Poland,698,Estoril,estoril,2025-12-29T06:55:10.972673+03:00
PL1,Ekstraklasa,Poland,699,Famalicao,famalicao,2025-12-29T06:55:10.976201+03:00
PL1,Ekstraklasa,Poland,700,Farense,farense,2025-12-29T06:55:10.981324+03:00
PL1,Ekstraklasa,Poland,701,Gil Vicente,gil vicente,2025-12-29T06:55:10.984600+03:00
PL1,Ekstraklasa,Poland,702,Guimaraes,guimaraes,2025-12-29T06:55:10.989326+03:00
PL1,Ekstraklasa,Poland,703,Maritimo,maritimo,2025-12-29T06:55:10.993282+03:00
PL1,Ekstraklasa,Poland,704,Moreirense,moreirense,2025-12-29T06:55:10.997173+03:00
PL1,Ekstraklasa,Poland,705,Nacional,nacional,2025-12-29T06:55:11.001036+03:00
PL1,Ekstraklasa,Poland,706,Pacos Ferreira,pacos ferreira,2025-12-29T06:55:11.005522+03:00
PL1,Ekstraklasa,Poland,707,Portimonense,portimonense,2025-12-29T06:55:11.010219+03:00
PL1,Ekstraklasa,Poland,708,Porto,porto,2025-12-29T06:55:11.014303+03:00
PL1,Ekstraklasa,Poland,709,Rio Ave,rio ave,2025-12-29T06:55:11.018156+03:00
PL1,Ekstraklasa,Poland,710,Santa Clara,santa clara,2025-12-29T06:55:11.022651+03:00
PL1,Ekstraklasa,Poland,711,Setubal,setubal,2025-12-29T06:55:11.028352+03:00
PL1,Ekstraklasa,Poland,712,Sp Braga,sp braga,2025-12-29T06:55:11.032217+03:00
PL1,Ekstraklasa,Poland,713,Sp Lisbon,sp lisbon,2025-12-29T06:55:11.035893+03:00
PL1,Ekstraklasa,Poland,714,Tondela,tondela,2025-12-29T06:55:11.040108+03:00
PL1,Ekstraklasa,Poland,715,Vizela,vizela,2025-12-29T06:55:11.044343+03:00
SC0,Scottish Premiership,Scotland,495,Aberdeen,aberdeen,2025-12-29T06:55:10.065758+03:00
SC0,Scottish Premiership,Scotland,496,Celtic,celtic,2025-12-29T06:55:10.072143+03:00
SC0,Scottish Premiership,Scotland,497,Dundee,dundee,2025-12-29T06:55:10.075538+03:00
SC0,Scottish Premiership,Scotland,498,Falkirk,falkirk,2025-12-29T06:55:10.078908+03:00
SC0,Scottish Premiership,Scotland,499,Hamilton,hamilton,2025-12-29T06:55:10.083228+03:00
SC0,Scottish Premiership,Scotland,500,Hearts,hearts,2025-12-29T06:55:10.086723+03:00
SC0,Scottish Premiership,Scotland,501,Hibernian,hibernian,2025-12-29T06:55:10.091182+03:00
SC0,Scottish Premiership,Scotland,502,Kilmarnock,kilmarnock,2025-12-29T06:55:10.094649+03:00
SC0,Scottish Premiership,Scotland,503,Livingston,livingston,2025-12-29T06:55:10.099095+03:00
SC0,Scottish Premiership,Scotland,504,Motherwell,motherwell,2025-12-29T06:55:10.103779+03:00
SC0,Scottish Premiership,Scotland,505,Rangers,rangers,2025-12-29T06:55:10.108165+03:00
SC0,Scottish Premiership,Scotland,506,Ross County,ross county,2025-12-29T06:55:10.112245+03:00
SC0,Scottish Premiership,Scotland,507,St Johnstone,st johnstone,2025-12-29T06:55:10.115833+03:00
SC0,Scottish Premiership,Scotland,508,St Mirren,st mirren,2025-12-29T06:55:10.119775+03:00
SC1,Scottish Championship,Scotland,509,Airdrie Utd,airdrie utd,2025-12-29T06:55:10.124010+03:00
SC1,Scottish Championship,Scotland,510,Alloa,alloa,2025-12-29T06:55:10.128765+03:00
SC1,Scottish Championship,Scotland,511,Arbroath,arbroath,2025-12-29T06:55:10.131946+03:00
SC1,Scottish Championship,Scotland,512,Ayr,ayr,2025-12-29T06:55:10.135016+03:00
SC1,Scottish Championship,Scotland,513,Cove Rangers,cove rangers,2025-12-29T06:55:10.138871+03:00
SC1,Scottish Championship,Scotland,514,Dundee,dundee,2025-12-29T06:55:10.143870+03:00
SC1,Scottish Championship,Scotland,515,Dunfermline,dunfermline,2025-12-29T06:55:10.147200+03:00
SC1,Scottish Championship,Scotland,516,Falkirk,falkirk,2025-12-29T06:55:10.151222+03:00
SC1,Scottish Championship,Scotland,517,Hamilton,hamilton,2025-12-29T06:55:10.155350+03:00
SC1,Scottish Championship,Scotland,518,Hearts,hearts,2025-12-29T06:55:10.160175+03:00
SC1,Scottish Championship,Scotland,519,Inverness C,inverness c,2025-12-29T06:55:10.163362+03:00
SC1,Scottish Championship,Scotland,520,Kilmarnock,kilmarnock,2025-12-29T06:55:10.166975+03:00
SC1,Scottish Championship,Scotland,521,Livingston,livingston,2025-12-29T06:55:10.170343+03:00
SC1,Scottish Championship,Scotland,522,Morton,morton,2025-12-29T06:55:10.176509+03:00
SC1,Scottish Championship,Scotland,523,Partick,partick,2025-12-29T06:55:10.179946+03:00
SC1,Scottish Championship,Scotland,524,Queen of Sth,queen of sth,2025-12-29T06:55:10.183828+03:00
SC1,Scottish Championship,Scotland,525,Queens Park,queens park,2025-12-29T06:55:10.189198+03:00
SC1,Scottish Championship,Scotland,526,Raith Rvs,raith rvs,2025-12-29T06:55:10.195690+03:00
SC1,Scottish Championship,Scotland,527,Ross County,ross county,2025-12-29T06:55:10.199505+03:00
SC1,Scottish Championship,Scotland,528,St Johnstone,st johnstone,2025-12-29T06:55:10.203387+03:00
SC2,Scottish League One,Scotland,529,Airdrie Utd,airdrie utd,2025-12-29T06:55:10.208052+03:00
SC2,Scottish League One,Scotland,530,Alloa,alloa,2025-12-29T06:55:10.213573+03:00
SC2,Scottish League One,Scotland,531,Annan Athletic,annan athletic,2025-12-29T06:55:10.216426+03:00
SC2,Scottish League One,Scotland,532,Arbroath,arbroath,2025-12-29T06:55:10.219117+03:00
SC2,Scottish League One,Scotland,533,Clyde,clyde,2025-12-29T06:55:10.222995+03:00
SC2,Scottish League One,Scotland,534,Cove Rangers,cove rangers,2025-12-29T06:55:10.226419+03:00
SC2,Scottish League One,Scotland,535,Dumbarton,dumbarton,2025-12-29T06:55:10.229906+03:00
SC2,Scottish League One,Scotland,536,Dunfermline,dunfermline,2025-12-29T06:55:10.233129+03:00
SC2,Scottish League One,Scotland,537,East Fife,east fife,2025-12-29T06:55:10.236268+03:00
SC2,Scottish League One,Scotland,538,Edinburgh City,edinburgh city,2025-12-29T06:55:10.239986+03:00
SC2,Scottish League One,Scotland,539,Falkirk,falkirk,2025-12-29T06:55:10.243681+03:00
SC2,Scottish League One,Scotland,540,Forfar,forfar,2025-12-29T06:55:10.248138+03:00
SC2,Scottish League One,Scotland,541,Hamilton,hamilton,2025-12-29T06:55:10.251377+03:00
SC2,Scottish League One,Scotland,542,Inverness C,inverness c,2025-12-29T06:55:10.254913+03:00
SC2,Scottish League One,Scotland,543,Kelty Hearts,kelty hearts,2025-12-29T06:55:10.259216+03:00
SC2,Scottish League One,Scotland,544,Montrose,montrose,2025-12-29T06:55:10.263589+03:00
SC2,Scottish League One,Scotland,545,Partick,partick,2025-12-29T06:55:10.267110+03:00
SC2,Scottish League One,Scotland,546,Peterhead,peterhead,2025-12-29T06:55:10.272345+03:00
SC2,Scottish League One,Scotland,547,Queen of Sth,queen of sth,2025-12-29T06:55:10.278753+03:00
SC2,Scottish League One,Scotland,548,Queens Park,queens park,2025-12-29T06:55:10.283668+03:00
SC2,Scottish League One,Scotland,549,Raith Rvs,raith rvs,2025-12-29T06:55:10.288396+03:00
SC2,Scottish League One,Scotland,550,Stenhousemuir,stenhousemuir,2025-12-29T06:55:10.293344+03:00
SC2,Scottish League One,Scotland,551,Stirling,stirling,2025-12-29T06:55:10.297972+03:00
SC2,Scottish League One,Scotland,552,Stranraer,stranraer,2025-12-29T06:55:10.302792+03:00
SC3,Scottish League Two,Scotland,553,Albion Rvs,albion rvs,2025-12-29T06:55:10.307680+03:00
SC3,Scottish League Two,Scotland,554,Annan Athletic,annan athletic,2025-12-29T06:55:10.312873+03:00
SC3,Scottish League Two,Scotland,555,Bonnyrigg Rose,bonnyrigg rose,2025-12-29T06:55:10.315810+03:00
SC3,Scottish League Two,Scotland,556,Brechin,brechin,2025-12-29T06:55:10.318635+03:00
SC3,Scottish League Two,Scotland,557,Clyde,clyde,2025-12-29T06:55:10.322766+03:00
SC3,Scottish League Two,Scotland,558,Cove Rangers,cove rangers,2025-12-29T06:55:10.326410+03:00
SC3,Scottish League Two,Scotland,559,Cowdenbeath,cowdenbeath,2025-12-29T06:55:10.330309+03:00
SC3,Scottish League Two,Scotland,560,Dumbarton,dumbarton,2025-12-29T06:55:10.333553+03:00
SC3,Scottish League Two,Scotland,561,East Fife,east fife,2025-12-29T06:55:10.338223+03:00
SC3,Scottish League Two,Scotland,562,East Kilbride,east kilbride,2025-12-29T06:55:10.352267+03:00
SC3,Scottish League Two,Scotland,563,Edinburgh City,edinburgh city,2025-12-29T06:55:10.358125+03:00
SC3,Scottish League Two,Scotland,564,Elgin,elgin,2025-12-29T06:55:10.362700+03:00
SC3,Scottish League Two,Scotland,565,Forfar,forfar,2025-12-29T06:55:10.367327+03:00
SC3,Scottish League Two,Scotland,566,Kelty Hearts,kelty hearts,2025-12-29T06:55:10.374232+03:00
SC3,Scottish League Two,Scotland,567,Peterhead,peterhead,2025-12-29T06:55:10.381438+03:00
SC3,Scottish League Two,Scotland,568,Queens Park,queens park,2025-12-29T06:55:10.388812+03:00
SC3,Scottish League Two,Scotland,569,Spartans,spartans,2025-12-29T06:55:10.395104+03:00
SC3,Scottish League Two,Scotland,570,Stenhousemuir,stenhousemuir,2025-12-29T06:55:10.401242+03:00
SC3,Scottish League Two,Scotland,571,Stirling,stirling,2025-12-29T06:55:10.410417+03:00
SC3,Scottish League Two,Scotland,572,Stranraer,stranraer,2025-12-29T06:55:10.416665+03:00
SP1,La Liga,Spain,178,Alaves,alaves,2025-12-29T06:55:08.631386+03:00
SP1,La Liga,Spain,179,Almeria,almeria,2025-12-29T06:55:08.636000+03:00
SP1,La Liga,Spain,180,Ath Bilbao,ath bilbao,2025-12-29T06:55:08.639057+03:00
SP1,La Liga,Spain,181,Ath Madrid,ath madrid,2025-12-29T06:55:08.642373+03:00
SP1,La Liga,Spain,182,Barcelona,barcelona,2025-12-29T06:55:08.645568+03:00
SP1,La Liga,Spain,183,Betis,betis,2025-12-29T06:55:08.648371+03:00
SP1,La Liga,Spain,184,Cadiz,cadiz,2025-12-29T06:55:08.651359+03:00
SP1,La Liga,Spain,185,Celta,celta,2025-12-29T06:55:08.654807+03:00
SP1,La Liga,Spain,186,Eibar,eibar,2025-12-29T06:55:08.658689+03:00
SP1,La Liga,Spain,187,Elche,elche,2025-12-29T06:55:08.662233+03:00
SP1,La Liga,Spain,188,Espanol,espanol,2025-12-29T06:55:08.665368+03:00
SP1,La Liga,Spain,189,Getafe,getafe,2025-12-29T06:55:08.668645+03:00
SP1,La Liga,Spain,190,Girona,girona,2025-12-29T06:55:08.672652+03:00
SP1,La Liga,Spain,191,Granada,granada,2025-12-29T06:55:08.677231+03:00
SP1,La Liga,Spain,192,Huesca,huesca,2025-12-29T06:55:08.681285+03:00
SP1,La Liga,Spain,193,Las Palmas,las palmas,2025-12-29T06:55:08.684873+03:00
SP1,La Liga,Spain,194,Leganes,leganes,2025-12-29T06:55:08.688986+03:00
SP1,La Liga,Spain,195,Mallorca,mallorca,2025-12-29T06:55:08.695176+03:00
SP1,La Liga,Spain,196,Osasuna,osasuna,2025-12-29T06:55:08.700221+03:00
SP1,La Liga,Spain,197,Oviedo,oviedo,2025-12-29T06:55:08.705166+03:00
SP1,La Liga,Spain,198,Sevilla,sevilla,2025-12-29T06:55:08.711602+03:00
SP1,La Liga,Spain,199,Sociedad,sociedad,2025-12-29T06:55:08.717788+03:00
SP1,La Liga,Spain,200,Valencia,valencia,2025-12-29T06:55:08.723237+03:00
SP1,La Liga,Spain,201,Valladolid,valladolid,2025-12-29T06:55:08.728142+03:00
SP1,La Liga,Spain,202,Villarreal,villarreal,2025-12-29T06:55:08.733038+03:00
SP2,La Liga 2,Spain,203,Alaves,alaves,2025-12-29T06:55:08.739755+03:00
SP2,La Liga 2,Spain,204,Albacete,albacete,2025-12-29T06:55:08.745213+03:00
SP2,La Liga 2,Spain,205,Alcorcon,alcorcon,2025-12-29T06:55:08.749054+03:00
SP2,La Liga 2,Spain,206,Almeria,almeria,2025-12-29T06:55:08.752302+03:00
SP2,La Liga 2,Spain,207,Amorebieta,amorebieta,2025-12-29T06:55:08.755913+03:00
SP2,La Liga 2,Spain,208,Andorra,andorra,2025-12-29T06:55:08.760013+03:00
SP2,La Liga 2,Spain,209,Burgos,burgos,2025-12-29T06:55:08.763194+03:00
SP2,La Liga 2,Spain,210,Cadiz,cadiz,2025-12-29T06:55:08.766438+03:00
SP2,La Liga 2,Spain,211,Cartagena,cartagena,2025-12-29T06:55:08.769702+03:00
SP2,La Liga 2,Spain,212,Castellon,castellon,2025-12-29T06:55:08.772884+03:00
SP2,La Liga 2,Spain,213,Ceuta,ceuta,2025-12-29T06:55:08.775993+03:00
SP2,La Liga 2,Spain,214,Cordoba,cordoba,2025-12-29T06:55:08.779679+03:00
SP2,La Liga 2,Spain,215,Cultural Leonesa,cultural leonesa,2025-12-29T06:55:08.782976+03:00
SP2,La Liga 2,Spain,216,Eibar,eibar,2025-12-29T06:55:08.786449+03:00
SP2,La Liga 2,Spain,217,Elche,elche,2025-12-29T06:55:08.791494+03:00
SP2,La Liga 2,Spain,218,Eldense,eldense,2025-12-29T06:55:08.795535+03:00
SP2,La Liga 2,Spain,219,Espanol,espanol,2025-12-29T06:55:08.798917+03:00
SP2,La Liga 2,Spain,220,Extremadura UD,extremadura ud,2025-12-29T06:55:08.802612+03:00
SP2,La Liga 2,Spain,221,Ferrol,ferrol,2025-12-29T06:55:08.806684+03:00
SP2,La Liga 2,Spain,222,Fuenlabrada,fuenlabrada,2025-12-29T06:55:08.813917+03:00
SP2,La Liga 2,Spain,223,Girona,girona,2025-12-29T06:55:08.817925+03:00
SP2,La Liga 2,Spain,224,Granada,granada,2025-12-29T06:55:08.822098+03:00
SP2,La Liga 2,Spain,225,Huesca,huesca,2025-12-29T06:55:08.827150+03:00
SP2,La Liga 2,Spain,226,Ibiza,ibiza,2025-12-29T06:55:08.831270+03:00
SP2,La Liga 2,Spain,227,La Coruna,la coruna,2025-12-29T06:55:08.835775+03:00
SP2,La Liga 2,Spain,228,Las Palmas,las palmas,2025-12-29T06:55:08.840467+03:00
SP2,La Liga 2,Spain,229,Leganes,leganes,2025-12-29T06:55:08.845355+03:00
SP2,La Liga 2,Spain,230,Logrones,logrones,2025-12-29T06:55:08.849491+03:00
SP2,La Liga 2,Spain,231,Lugo,lugo,2025-12-29T06:55:08.855677+03:00
SP2,La Liga 2,Spain,232,Malaga,malaga,2025-12-29T06:55:08.862190+03:00
SP2,La Liga 2,Spain,233,Mallorca,mallorca,2025-12-29T06:55:08.867980+03:00
SP2,La Liga 2,Spain,234,Mirandes,mirandes,2025-12-29T06:55:08.872745+03:00
SP2,La Liga 2,Spain,235,Numancia,numancia,2025-12-29T06:55:08.877735+03:00
SP2,La Liga 2,Spain,236,Oviedo,oviedo,2025-12-29T06:55:08.882204+03:00
SP2,La Liga 2,Spain,237,Ponferradina,ponferradina,2025-12-29T06:55:08.886491+03:00
SP2,La Liga 2,Spain,238,Sabadell,sabadell,2025-12-29T06:55:08.893985+03:00
SP2,La Liga 2,Spain,239,Santander,santander,2025-12-29T06:55:08.898999+03:00
SP2,La Liga 2,Spain,240,Sociedad B,sociedad b,2025-12-29T06:55:08.905189+03:00
SP2,La Liga 2,Spain,241,Sp Gijon,sp gijon,2025-12-29T06:55:08.911140+03:00
SP2,La Liga 2,Spain,242,Tenerife,tenerife,2025-12-29T06:55:08.916486+03:00
SP2,La Liga 2,Spain,243,Valladolid,valladolid,2025-12-29T06:55:08.921909+03:00
SP2,La Liga 2,Spain,244,Vallecano,vallecano,2025-12-29T06:55:08.927873+03:00
SP2,La Liga 2,Spain,245,Villarreal B,villarreal b,2025-12-29T06:55:08.932938+03:00
SP2,La Liga 2,Spain,246,Zaragoza,zaragoza,2025-12-29T06:55:08.938755+03:00
T1,Super Lig,Turkey,595,Ad. Demirspor,ad demirspor,2025-12-29T06:55:10.534421+03:00
T1,Super Lig,Turkey,596,Alanyaspor,alanyaspor,2025-12-29T06:55:10.539940+03:00
T1,Super Lig,Turkey,597,Altay,altay,2025-12-29T06:55:10.543086+03:00
T1,Super Lig,Turkey,598,Ankaragucu,ankaragucu,2025-12-29T06:55:10.546189+03:00
T1,Super Lig,Turkey,599,Besiktas,besiktas,2025-12-29T06:55:10.549203+03:00
T1,Super Lig,Turkey,600,Bodrumspor,bodrumspor,2025-12-29T06:55:10.552918+03:00
T1,Super Lig,Turkey,601,Buyuksehyr,buyuksehyr,2025-12-29T06:55:10.556708+03:00
T1,Super Lig,Turkey,602,Denizlispor,denizlispor,2025-12-29T06:55:10.560298+03:00
T1,Super Lig,Turkey,603,Erzurum BB,erzurum bb,2025-12-29T06:55:10.563518+03:00
T1,Super Lig,Turkey,604,Eyupspor,eyupspor,2025-12-29T06:55:10.566545+03:00
T1,Super Lig,Turkey,605,Fenerbahce,fenerbahce,2025-12-29T06:55:10.569885+03:00
T1,Super Lig,Turkey,606,Galatasaray,galatasaray,2025-12-29T06:55:10.574191+03:00
T1,Super Lig,Turkey,607,Gaziantep,gaziantep,2025-12-29T06:55:10.577937+03:00
T1,Super Lig,Turkey,608,Genclerbirligi,genclerbirligi,2025-12-29T06:55:10.581694+03:00
T1,Super Lig,Turkey,609,Giresunspor,giresunspor,2025-12-29T06:55:10.585216+03:00
T1,Super Lig,Turkey,610,Goztep,goztep,2025-12-29T06:55:10.590670+03:00
T1,Super Lig,Turkey,611,Istanbulspor,istanbulspor,2025-12-29T06:55:10.594249+03:00
T1,Super Lig,Turkey,612,Kasimpasa,kasimpasa,2025-12-29T06:55:10.599215+03:00
T1,Super Lig,Turkey,613,Kayserispor,kayserispor,2025-12-29T06:55:10.605361+03:00
T1,Super Lig,Turkey,614,Pendikspor,pendikspor,2025-12-29T06:55:10.610273+03:00
T1,Super Lig,Turkey,615,Rizespor,rizespor,2025-12-29T06:55:10.617885+03:00
T1,Super Lig,Turkey,616,Samsunspor,samsunspor,2025-12-29T06:55:10.622374+03:00
T1,Super Lig,Turkey,617,Trabzonspor,trabzonspor,2025-12-29T06:55:10.627279+03:00
T1,Super Lig,Turkey,618,Yeni Malatyaspor,yeni malatyaspor,2025-12-29T06:55:10.633973+03:00

=== SUMMARY ===
Total Leagues,24
Total Teams,698
Generated At,2025-12-29T07:00:26.901285

=== TEAMS PER LEAGUE ===
League Code,League Name,Country,Team Count
B1,Pro League,Belgium,22
D1,Bundesliga,Germany,26
D2,2. Bundesliga,Germany,33
DK1,Superliga,Denmark,26
E0,Premier League,England,26
E1,Championship,England,40
E2,League One,England,50
E3,League Two,England,44
F1,Ligue 1,France,27
F2,Ligue 2,France,37
G1,Super League 1,Greece,19
I1,Serie A,Italy,31
I2,Serie B,Italy,42
N1,Eredivisie,Netherlands,26
NO1,Eliteserien,Norway,26
P1,Primeira Liga,Portugal,26
PL1,Ekstraklasa,Poland,26
SC0,Scottish Premiership,Scotland,14
SC1,Scottish Championship,Scotland,20
SC2,Scottish League One,Scotland,24
SC3,Scottish League Two,Scotland,20
SP1,La Liga,Spain,25
SP2,La Liga 2,Spain,44
T1,Super Lig,Turkey,24
